brand,product_name,finish,skin_type,price_range,ingredients,ingredients_source,fragrance_free,hypoallergenic,derm_tested,where_to_buy,open_beauty_facts_url,source
Algenist,REVEAL Color Correcting Radiant Primer,dewy,"[""seco""]",$35-$39,Water- Dodecane- Hexyl Laurate- Triethylhexanoin- Steareth-2- Mannitol- Steareth-21- Butylene Glycol- Glyceryl Stearate- Glycerin- Sorbitan Sesquioleate- Chlorella Protothecoides Oil- Algae Exopolysaccharides- Pongamia Glabra Seed Oil- Dunaliella Salina Extract- Haematococcus Pluvialis Extract- Halidrys Siliquosa Extract- Chondrus Crispus Extract- Aphanizomenon Flos-Aquae Extract- Algae Extract- Phaeodactylum Tricornutum Extract- Lysine- Olea Europaea (Olive) Fruit Oil- Tocopheryl Acetate- Evodia Rutaecarpa Fruit Extract- Magnesium Chloride- Hydrogenated Starch Hydrolysate- Cellulose- Dimethicone- Carbomer- Hydrogenated Lecithin- Polymethyl Methacrylate- Sodium Hydroxide- BHT- Disodium EDTA- Propanediol- Arginine PCA- Hydroxypropyl Methylcellulose- Citric Acid- Aluminum Hydroxide- Zinc Chloride- Galactoarabinan- Potassium Chloride- Sodium Chloride- Sodium Benzoate- Potassium Sorbate- Dehydroacetic Acid- Benzyl Alcohol- Phenoxyethanol- Beta-Carotene (CI 40800)- Iron Oxides (CI 77491- CI 77492- CI 77499)- Titanium Dioxide (CI 77891).,sephora,,,,https://www.sephora.com/product/reveal-color-correcting-radiant-primer-P406543?icid2=products grid:p406543,,sephora/open-dataset
Armani Beauty,Fluid Master Primer,dewy,"[""normal"", ""misto""]",$40-$44,-Synthetic Fibers,sephora,,,,https://www.sephora.com/product/fluid-master-primer-P393407?icid2=products grid:p393407,,sephora/open-dataset
Armani Beauty,Luminous Silk Hydrating Primer,hydrating,"[""seco""]",$40-$44,Aqua/Water- Cyclopentasiloxane- Glycerin- Dimethicone- Peg-10 Dimethicone- Bis-Peg/Ppg-14/14 Dimethicone- Isododecane- Hydrogenated Starch Hydrolysate- Sodium Chloride- Caprylic/Capric Triglyceride- Tribehenin- Dimethicone/Polyglycerin-3 Crosspolymer- Phenoxyethanol- Caprylyl Glycol- Mica- Ci 77891 / Titanium Dioxide- Disteardimonium Hectorite- Ethylhexylglycerin- Ethyl Menthane Carboxamide- Propylene Glycol- Propylene Carbonate- Dipropylene Glycol- Tin Oxide- Rosa Gallica Flower Extract- Sorbitol- Ci 19140 / Yellow 5- Ci 14700 / Red 4- Tocopherol.,sephora,,,,https://www.sephora.com/product/luminous-silk-hydrating-primer-P449793?icid2=products grid:p449793,,sephora/open-dataset
BECCA,Backlight Priming Filter Face Primer,dewy,"[""normal"", ""misto""]",$35-$39,-Backlight Technology: Instantly blurs the look of imperfections and creates a visibly lit-from-within glow.-Vitamin E: Nourishes skin. Water\Aqua\Eau- Ethylhexyl Palmitate- Glycerin- Caprylic/Capric Triglyceride- Carbomer- Ethylhexylglycerin- Sodium Hydroxide- Silica- Tocopheryl Acetate- Panthenol- Glycyrrhiza Glabra (Licorice) Root Extract- Fragrance (Parfum)- Limonene- Coumarin- Linalool- Benzyl Benzoate- Butylphenyl Methylpropional- Citral- Disodium EDTA- BHT- Phenoxyethanol- Mica- Titanium Dioxide (Ci 77891)- Iron Oxides (Ci 77491).,sephora,False,,,https://www.sephora.com/product/backlight-priming-filter-P399831?icid2=products grid:p399831,,sephora/open-dataset
BECCA,Becca Primer Collection,hydrating,"[""oleoso"", ""misto"", ""seco""]",$35-$39,-Cool Light Technology: Instantly brightens and reduces the appearance of dullness for refreshed-looking. -Hyaluronic Acid: Moisturizes. -Vitamin E: Nourishes. Water\Aqua\Eau- Ethylhexyl Palmitate- Glycerin- Caprylic/Capric Triglyceride- Butylene Glycol- Sea Water\Aqua Maris\Maris Aqua- Ethylhexylglycerin- Zingiber Officinale (Ginger) Root Extract- Opuntia Ficus-Indica Stem Extract- Sodium Hyaluronate- Carbomer- Sodium Hydroxide- Tocopheryl Acetate- Benzimidazole Diamond Amidoethyl Urea Carbamoyl Propyl Polymethylsilsesquioxane- Silica- Menthyl Lactate- Fragrance (Parfum)- Citral- Limonene- Amyl Cinnamal- Linalool- Disodium Edta- Phenoxyethanol- Chlorphenesin- [+/- Mica- Titanium Dioxide (Ci 77891)- Ultramarines (Ci 77007)].,sephora,False,,,https://www.sephora.com/product/becca-primer-collection-P427619?icid2=products grid:p427619,,sephora/open-dataset
BECCA,Ever-Matte Poreless Priming Perfector,matte,"[""oleoso""]",$35-$39,Aqua- Magnesium Aluminum Silicate- Propylene Glycol- Enantia Chlorantha Bark Extract- Oleanolic Acid- Butylene Glycol- Phenoxyethanol- Methylparaben- Propylparaben.,sephora,,,,https://www.sephora.com/product/ever-matte-poreless-priming-perfector-P378017?icid2=products grid:p378017,,sephora/open-dataset
BECCA,First Light Priming Filter Face Primer,matte,"[""normal"", ""misto""]",$35-$39,-Cool Light Technology: Instantly brightens and reduces the appearance of dullness for refreshed-looking. -Hyaluronic Acid: Moisturizes. -Vitamin E: Nourishes. Water\Aqua\Eau- Ethylhexyl Palmitate- Glycerin- Caprylic/Capric Triglyceride- Butylene Glycol- Sea Water\Aqua Maris\Maris Aqua- Ethylhexylglycerin- Zingiber Officinale (Ginger) Root Extract- Opuntia Ficus-Indica Stem Extract- Sodium Hyaluronate- Carbomer- Sodium Hydroxide- Tocopheryl Acetate- Benzimidazole Diamond Amidoethyl Urea Carbamoyl Propyl Polymethylsilsesquioxane- Silica- Menthyl Lactate- Fragrance (Parfum)- Citral- Limonene- Amyl Cinnamal- Linalool- Disodium Edta- Phenoxyethanol- Chlorphenesin- [+/- Mica- Titanium Dioxide (Ci 77891)- Ultramarines (Ci 77007)].,sephora,False,,,https://www.sephora.com/product/first-light-priming-filter-P416055?icid2=products grid:p416055,,sephora/open-dataset
BECCA,Skin Love Brighten & Blur Primer,dewy,"[""normal"", ""misto""]",$35-$39,Water- Dimethicone/Vinyl Dimethicone Crosspolymer- Dimethicone- Glycerin- Butylene Glycol- Vinyl Dimethicone/Methicone Silsesquioxane Crosspolymer- Honey- Myristyl Myristate- DI-C12-15 Alkyl Fumarate- Mangifera Indica (Mango) Seed Butter- Acetylated Glycol Stearate- Butyrospermum Parkii (Shea Butter)- Acetyl Glucosamine- Hypnea Musciformis (Algae) Extract- Pisum Sativum (Pea) Extract- Hordeum Vulgare (Barley) Extract- Glycyrrhiza Glabra (Licorice) Leaf Extract- Sodium Polyacrylate- Algae Extract- Tocopheryl Acetate- Trehalose- Lycium Chinense (Wolfberry) Fruit Extract- Vaccinium Macrocarpon (Cranberry) Fruit Extract- Vaccinium Angustifolium (Blueberry) Fruit Extract- Sucrose- Sodium Stearoyl Glutamate- Lauryl Peg-9 Polydimethylsiloxyethyl Dimethicone- Caprylyl Glycol- Paeonia Suffruticosa (Peony) Root Extract- Sorbitol- Caffeine- Tocopherol- Gelidiella Acerosa Extract- Squalane- Sodium Hyaluronate- Dipotassium Glycyrrhizate- Glucosamine HCL- Laureth-9- Lecithin- Aminopropyl Ascorbyl Phosphate- Bambusa Vulgaris (Bamboo) Extract- Tromethamine- Hydrolyzed Rice Extract- Synthetic Fluorphlogopite- Triticum Vulgare (Wheat) Germ Extract- Molasses Extract\Saccharum Officinarum- Silica- Laminaria Saccharina Extract- Citric Acid- Triethoxycaprylylsilane- Yeast Extract\Faex- Tin Oxide- Ergothioneine- Fragrance- Linalool- Geraniol- Alpha-Isomethyl Ionone- Citronellol- Disodium EDTA- BHT- Phenoxyethanol- Potassium Sorbate- Titanium Dioxide (CI 77891)- Mica- Iron Oxides (Ci 77491).,sephora,False,,,https://www.sephora.com/product/skin-love-hydra-blur-brightening-primer-P442723?icid2=products grid:p442723,,sephora/open-dataset
Benefit Cosmetics,The POREfessional Face Primer,matte,"[""oleoso"", ""misto"", ""seco"", ""normal""]",$30-$34,Cyclopentasiloxane- Dimethicone- Dimethicone/Vinyl Dimethicone Crosspolymer- Isononyl Isononanoate- Silica- Dimethicone Crosspolymer- Isododecane- Phenoxyethanol- Polymethyl Methacrylate- Titanium Dioxide (Ci 77891)- Cyclohexasiloxane- Tocopheryl Acetate- Fragrance- Mica- Iron Oxides (Ci 77492- Ci 77491- Ci 77499)- Limonene- Triethoxycaprylylsilane- Bht- N 04932/N.,sephora,False,,,https://www.sephora.com/product/the-porefessional-face-primer-P264900?icid2=products grid:p264900,,sephora/open-dataset
Benefit Cosmetics,The POREfessional Pearl Primer,matte,"[""normal"", ""misto""]",$30-$34,Dimethicone- Cyclopentasiloxane- Dimethicone/Vinyl Dimethicone Crosspolymer- Isononyl Isononanoate- Dimethicone Crosspolymer- Isododecane- Silica- Polymethyl Methacrylate- Mica- Phenoxyethanol- Tocopheryl Acetate- Parfum (Fragrance)- Tin Oxide- Limonene- Triethoxycaprylylsilane- Bht- Tocopherol. May Contain (+/-): Yellow 5- Yellow 5 Lake (Ci 19140)- Blue 1 Lake (Ci 42090)- Ultramarines (Ci 77007)- Bismuth Oxychloride (Ci 77163)- Iron Oxides (Ci 77491- Ci 77492- Ci 77499)- Titanium Dioxide (Ci 77891).Please read the ingredient list on the packaging of your product to be sure that the ingredients are appropriate for your personal use.,sephora,False,,,https://www.sephora.com/product/the-porefessional-pearl-primer-P427305?icid2=products grid:p427305,,sephora/open-dataset
Benefit Cosmetics,The POREfessional: Hydrate Primer,hydrating,"[""seco"", ""normal""]",$30-$34,-Hyaluronic Acid: Attracts moisture and helps maintain hydration.-Shea Butter Extract: Soothes and moisturizes.Aqua (Water)- Cyclopentasiloxane- Glycerin- Dimethicone/Vinyl Dimethicone Crosspolymer- Diglycerin- Methyl Methacrylate Crosspolymer- Dimethicone- Dimethicone Crosspolymer- Pentylene Glycol- Hydroxyethyl Acrylate/Sodium Acryloyldimethyl Taurate Copolymer- Isohexadecane- Phenoxyethanol- Diphenylsiloxy Phenyl Trimethicone- Cyclohexasiloxane- Silica- Butyrospermum Parkii (Shea) Butter- Isoceteth-10- Polysorbate 60- Parfum (Fragrance)- Dimethicone/Phenyl Vinyl Dimethicone Crosspolymer- Sorbitan Isostearate- Sodium Hyaluronate- Limonene- Triethoxycaprylylsilane- Bht- Alumina- Magnesium Oxide- Tocopherol. [+/-: Ci 19140 (Yellow 5- Yellow 5 Lake)- Ci 42090 (Blue 1 Lake)- Ci 77007 (Ultramarines)- Ci 77163 (Bismuth Oxychloride)- Ci 77491- Ci 77492- Ci 77499 (Iron Oxides)- Ci 77891 (Titanium Dioxide)].Product ingredient listings are updated periodically. Before using a benefit product- please read the ingredient list on the packaging of your product to be sure that the ingredients are appropriate for your personal use.,sephora,False,,,https://www.sephora.com/product/benefit-cosmetics-the-porefessional-hydrate-primer-P453269?icid2=products grid:p453269,,sephora/open-dataset
Benefit Cosmetics,The POREfessional: Matte Rescue Invisible Finish Mattifying Gel,matte,"[""oleoso""]",$30-$34,Water- Glycerin- Propanediol- Silica- Dimethicone- Butylene Glycol- Fomes Officinalis (Mushroom) Extract- Alcohol- Methyl Trimethicone- Pentylene Glycol- Polymethylsilsesquioxane- Peg-60 Hydrogenated Castor Oil- Phenoxyethanol- Dimethicone/Vinyl Dimethicone Crosspolymer- Acrylates/C10-30 Alkyl Acrylate Crosspolymer- Fragrance- Sodium Hydroxide- Tetrasodium Edta- Sodium Hyaluronate- Limonene- Peg-40 Hydrogenated Castor Oil- Diamond Powder- Ci 42090 (Blue 1)- Ci 19140 (Yellow 5)- Bht- Tocopherol- N 09157/E.,sephora,False,,,https://www.sephora.com/product/the-porefessional-matte-rescue-invisible-finish-mattifying-gel-P405169?icid2=products grid:p405169,,sephora/open-dataset
Benefit Cosmetics,The POREfessional: Mini Hydrate Primer,hydrating,"[""seco"", ""normal""]",$10-$14,-Hyaluronic Acid: Attracts moisture and helps maintain hydration.-Shea Butter Extract: Soothes and moisturizes.Aqua (Water)- Cyclopentasiloxane- Glycerin- Dimethicone/Vinyl Dimethicone Crosspolymer- Diglycerin- Methyl Methacrylate Crosspolymer- Dimethicone- Dimethicone Crosspolymer- Pentylene Glycol- Hydroxyethyl Acrylate/Sodium Acryloyldimethyl Taurate Copolymer- Isohexadecane- Phenoxyethanol- Diphenylsiloxy Phenyl Trimethicone- Cyclohexasiloxane- Silica- Butyrospermum Parkii (Shea) Butter- Isoceteth-10- Polysorbate 60- Parfum (Fragrance)- Dimethicone/Phenyl Vinyl Dimethicone Crosspolymer- Sorbitan Isostearate- Sodium Hyaluronate- Limonene- Triethoxycaprylylsilane- Bht- Alumina- Magnesium Oxide- Tocopherol. [+/-: Ci 19140 (Yellow 5- Yellow 5 Lake)- Ci 42090 (Blue 1 Lake)- Ci 77007 (Ultramarines)- Ci 77163 (Bismuth Oxychloride)- Ci 77491- Ci 77492- Ci 77499 (Iron Oxides)- Ci 77891 (Titanium Dioxide)].Product ingredient listings are updated periodically. Before using a benefit product- please read the ingredient list on the packaging of your product to be sure that the ingredients are appropriate for your personal use.,sephora,False,,,https://www.sephora.com/product/benefit-cosmetics-the-porefessional-mini-hydrate-primer-P453917?icid2=products grid:p453917,,sephora/open-dataset
Bite Beauty,Changemaker Skin-Optimizing Primer,hydrating,"[""oleoso"", ""seco"", ""normal""]",$35-$39,-Hyaluronic Acid Complex: A specialized blend of micronized hyaluronic particles and sodium PCA for enhanced hydration.-Olive Oil: Helps boost hydration. -Maqui Berry: An antioxidant-rich ingredient that helps nurture your complexion. Aqua/Water/Eau- Propanediol Dicaprylate- Propanediol- Triolein- Ceteareth-6 Olivate- Lactobacillus Ferment- Dimethicone/Vinyl Dimethicone Crosspolymer- Dimethicone- Glyceryl Dioleate- Microcrystalline Cellulose- Polyacrylate Crosspolymer-6- Hydrogenated Olive Oil- Cellulose Gum- Olea Europaea (Olive) Fruit Oil- Polysilicone-11- Glycerin- Butyrospermum Parkii (Shea) Butter- Trisodium Ethylenediamine Disuccinate- Pectin- Xanthan Gum- Pentylene Glycol- Silica- Olea Europaea (Olive) Oil Unsaponifiables- Lecithin- Citric Acid- Fructose- Sodium Hydroxide- Urea- Maltose- Tocopherol- Allantoin- Sodium Chloride- Sodium Lactate- Sodium Pca- Trehalose- Ascorbyl Palmitate- Decyl Glucoside- Agave Tequilana Leaf Extract- Aristotelia Chilensis Fruit Extract- Sodium Hyaluronate Crosspolymer- Sodium Hyaluronate- Glucose- Phenoxyethanol- Caprylyl Glycol- Hexylene Glycol- Hydrolyzed Glycosaminoglycans- Benzyl Glycol- Ethylhexylglycerin- Hyaluronic Acid- Hydrolyzed Hyaluronic Acid- Raspberry Ketone.Clean at Sephora products are formulated without:Sulfates—SLS + SLES- Parabens- Formaldehydes- Formaldehyde-releasing agents- Phthalates- Mineral Oil- Retinyl Palmitate- Oxybenzone- Coal Tar- Hydroquinone- Triclosan- Triclocarban- Undisclosed synthetic fragrances (Products can be formulated with disclosed synthetic fragrances that meet the following two criteria: (1) the synthetic fragrances do not include any of the ingredients listed in numbers 1 through 12 above and (2) the synthetic fragrances are at a concentration below 1% of the total formula) The following type of acrylates: (ethyl acrylate- ethyl methacrylate- methyl methacrylate- butyl methacrylate- hydroxypropyl methacrylate- tetrahydrofurfuryl methacrylate- trimethylolpropane trimethacrylate - aluminum salts)- Animal Oils/Musks/Fats- Benzophenone + Related Compounds- Butoxyethanol- Carbon Black- Lead/Lead Acetate- Methyl Cellosolve + Methoxyethanol- Methylchloroisothiazolinone & Methylisothiazolinone- Mercury + Mercury Compounds (Thimerisol)- Insoluble Plastic Microbeads (This prohibited ingredient applies to products that are meant to be rinsed off )- Resorcinol- Talc (Talc that is free of any asbestos can be used in the formulation provided that Brand conducts testing to ensure that talc is free of any asbestos.)- Toluene- Butylated hydroxyanisole (BHA)- Butylated hydroxytoluene (BHT) that is 0.1% or more of total formula- Ethanolamines DEA/TEA/MEA/ETA- Nanoparticles as defined by the European Commission- Petrolatum and Parrafin that is not USP grade- Phenoxyethanol that is 1% or more of total formulation- Polyacrylamide & Acrylamide- The following types of Styrene (Bromostyrene- Deastyrene/acrylates/dvbcopolymer- sodium styrene/divinylbenzene copolymer - styrene oxide- styrene)- 1-4 Dioxane in final formulas must comply with the thresholds as follows: (10 or < ppm for products that are meant to be rinsed off- wiped off or removed- 3ppm or < for products that are meant to remain on the skin).,sephora,False,,,https://www.sephora.com/product/bite-beauty-changemaker-skin-optimizing-primer-vegan-P454741?icid2=products grid:p454741,,sephora/open-dataset
Bobbi Brown,Primer Plus Mattifier,hydrating,"[""oleoso"", ""misto"", ""seco"", ""sensivel"", ""normal""]",$40-$44,-Innovative Jellifying Agent: Creates a smooth and cool- breathable texture with matte finish.-Special Powder Technology: Absorbs oil and delivers the optical correction of the size of pores and imperfections.-Sodium Hyaluronate: Attracts and binds moisture to skin to help balance the skin’s natural moisture levels and prevent dehydration. Water- Glycerin- Dimethicone- Methyl Methacrylate Crosspolymer- Propanediol- Sodium Acrylates Crosspolymer-2- Peg-7 Trimethylolpropane Coconut Ether- Hydroxyethyl Acrylate/Sodium Acryloyldimethyl Taurate Copolymer- Dimethicone/Vinyl Dimethicone Crosspolymer- Pectin- Amodimethicone- Hydroxyacetophenone- Polyisobutene- Caprylyl Glycol- 1-2-Hexanediol- Sodium Hyaluronate- Pentylene Glycol- Trideceth-9- Carbomer- Sodium Hydroxide- Peg-40 Hydrogenated Castor Oil- Polysorbate 20- Xanthan Gum- Fragrance- Silica- Disodium EDTA- Hexyl Cinnamal- Linalool- Limonene- Phenoxyethanol.,sephora,False,,,https://www.sephora.com/product/primer-plus-mattifier-P432842?icid2=products grid:p432842,,sephora/open-dataset
Bobbi Brown,Primer Plus Radiance SPF 35,hydrating,"[""seco""]",$40-$44,Water- Ethylhexyl Methoxycinnamate- Ethylhexyl Salicylate- Zinc Oxide- Dimethicone- Benzophenone-3 (Oxybenzone)- Butylene Glycol- Phenyl Trimethicone- Pentylene Glycol- Glyceryl Stearate- Behenyl Alcohol- Trioctyldodecyl Citrate- Polymethylsilsesquioxane- Octyldodecyl Stearoyl Stearate- PEG-40 Stearate- Polyglyceryl-10 Pentastearate- Titanium- Dioxide- Pyrus Malus (Apple) Fruit Extract- Triticum- Vulgare (Wheat) Germ Extract- Cucumis Sativus (Cucumber)- Fruit Extract- Laminaria Saccharina Extract- Acetyl- Hexapeptide-8- Scutellaria Baicalensis Root Extract- Hordeum Vulgare (Barley) Extract/Extrait d’Orge- Polyquaternium-- 51- Oryzanol- Glycyrrhetinic Acid- Octyldodecyl- Neopentanoate- Trehalose- Propylene Glycol- Laurate- Sucrose- Glycerin- Caffeine- Cholesterol- Sodium Hyaluronate- Linoleic Acid- Lecithin- Squalane- Propylene Glycol Stearate- Urea- Ammonium Acryloyldimethyltaurate/- VP Copolymer- Polyglyceryl-6 Polyricinoleate- Polysorbate 20- Tocopheryl Acetate- Sodium- Stearoyl Lactylate- Stearic Acid- Sorbitan Laurate- Xanthan Gum- Aluminum Hydroxide- Sodium PCA- Isopropyl Titanium Triisostearate- Sodium Dehydroacetate- Triethoxycaprylylsilane- Silica- Disodium EDTA- Chlorphenesin- Phenoxyethanol- [+/- Mica- Ferric- Ferrocyanide (CI 77510)- Carmine (CI 75470)- Titanium- Dioxide (CI 77891)- Iron Oxides (CI 77491)- Iron Oxides- (CI 77492)- Blue 1 Lake (CI 42090)- Iron Oxides (CI- 77499)- Yellow 5 Lake (CI 19140)- Chromium Oxide- Greens (CI 77288)- Chromium Hydroxide Green (CI 77289)- Bismuth Oxychloride (CI 77163)- Ferric Ammonium Ferrocyanide (CI 77510)].,sephora,,,,https://www.sephora.com/product/primer-plus-glow-spf-35-P432843?icid2=products grid:p432843,,sephora/open-dataset
CLINIQUE,Redness Solutions Daily Protective Base SPF 15,natural,"[""normal"", ""misto""]",$25-$29,Titanium Dioxide 6.40% - Zinc Oxide 2.00%Water - Trioctyldodecyl Citrate - Cyclopentasiloxane - Butylene Glycol - C12-15 Alkyl Benzoate - Steareth-2 - Stearyl Dimethicone - Tricaprylyl Citrate - Silica - Barium Sulfate - Sorbitan Tristearate - Aluminum Stearate - Ascophyllum Nodosum Extract - Asparagopsis Armata Extract - Lecithin - Sea Whip Extract - Glyceryl Stearate - Tocopheryl Acetate - Peg-100 Stearate - Sucrose - Pantethine - Caffeine - Octyldodecyl Neopentanoate - Ceteth-2 - Peg-40 Stearate - Dimethicone - Cetearyl Alcohol - Peg/Ppg-18/18 Dimethicone - Steareth-20 - Bisabolol - Magnesium Ascorbyl Phosphate - Polyglyceryl-6 Polyricinoleate - Sorbitol - Phytosphingosine - Sodium Stearate - Magnesium Aluminum Silicate - Caprylyl Glycol - Isopropyl Titanium Triisostearate - Stearic Acid - Hexylene Glycol - Xanthan Gum - Disodium Edta - Phenoxyethanol - Iron Oxides (Ci 77491- Ci 77492- Ci 77499) - Chromium Hydroxide Green (Ci 77289),sephora,,,,https://www.sephora.com/product/redness-solutions-daily-protective-base-spf-15-P201441?icid2=products grid:p201441,,sephora/open-dataset
CLINIQUE,Superprimer Face Primer - Colour Corrects Redness,natural,"[""normal"", ""misto""]",$30-$34,Cyclopentasiloxane - Dimethicone - Hdi/Trimethylol Hexyllactone Crosspolymer - Silica - Isononyl Isononanoate - Isododecane - Dimethicone/Vinyl Dimethicone Crosspolymer - Vinyl Dimethicone/Methicone Silsesquioxane Crosspolymer - Polymethyl Methacrylate - Lauroyl Lysine - Ethylhexylglycerin - Phytosteryl/Octyldodecyl Lauroyl Glutamate - Methicone - Hydrolyzed Soy Protein - Stearyl Glycyrrhetinate - Coconut Acid - Water - Tocopheryl Acetate - Phenoxyethanol - [+/- Mica - Titanium Dioxide (Ci 77891) - Carmine (Ci 75470) - Yellow 5 Lake (Ci 19140) - Manganese Violet (Ci 77742) - Chromium Oxide Greens (Ci 77288) - Chromium Hydroxide Green (Ci 77289) - Bismuth Oxychloride (Ci 77163) - Iron Oxides (Ci 77491- Ci 77492- Ci 77499) - Blue 1 Lake (Ci 42090) - Red 7 Lake (Ci 15850) - Ultramarines (Ci 77007)],sephora,,,,https://www.sephora.com/product/superprimer-face-primer-colour-corrects-redness-P382502?icid2=products grid:p382502,,sephora/open-dataset
CLINIQUE,Superprimer Face Primer - Universal Face Primer,natural,"[""normal"", ""misto""]",$30-$34,Water- Dimethicone- Cyclopentasiloxane- Polysilicone-11- Silica- Dimethicone Silylate- Sucrose- Isopentyldiol- Algae Extract- Saccharide Isomerate- Hypnea Musciformis (Algae) Extract- Gellidiela Acerosa (Algae) Extract- Caffeine- Poria Cocos Sclerotium Extract- Camellia Sinensis (Green Tea) Leaf Extract- Vitis Vinifera (Grape) Fruit Extract- Sodium Hyaluronate- Scutellaria Baicalensis Root Extract- Laminaria Saccharina Extract- Morus Bombycis (Mulberry) Root Extract- Amorphophallus Konjac Root Powder- Peg-10 Dimethicone- Polysorbate 20- Ammonium Acryloyldimethyltaurate/Vp Copolymer- Hdi/Trimethylol Hexyllactone Crosspolymer- Peg/Ppg-18/18 Dimethicone- Laureth-7- Stearyl Dimethicone- Butylene Glycol- Polyethylene- Isododecane- Acrylates/Ethylhexyl Acrylate Copolymer- Laureth-21- Caprylyl Glycol- Tocopheryl Acetate- Magnesium Myristate- Magnesium Ascorbyl Phosphate- Triethoxycaprylylsilane- Hexylene Glycol- Phenoxyethanol- [+/- Titanium Dioxide (Ci 77891)- Mica- Bismuth Oxychloride (Ci 77163)- Iron Oxides (Ci 77491- Ci 77492- Ci 77499)].,sephora,,,,https://www.sephora.com/product/superprimer-face-primer-universal-face-primer-P382504?icid2=products grid:p382504,,sephora/open-dataset
COOLA,Dawn Patrol™ Classic Makeup Primer SPF 30,dewy,"[""oleoso"", ""misto"", ""seco"", ""normal""]",$40-$44,-Avobenzone 1.9%- Octisalate 4%- Octocrylene 7.6% : Deliver broad-spectrum sun protection. Isododecane- Dimethicone Crosspolymer- Butyloctyl Salicylate- Iris Pallida Leaf Cell Extract- Lonicera Japonica Callus Extract- Nymphaea Alba Leaf Cell Extract- Glycyrrhiza Glabra (Licorice) Root Extract- Withania Somnifera Root Extract- Helianthus Annuus (Sunflower) Seed Oil- Flavor.,sephora,,True,,https://www.sephora.com/product/dawn-patrol-tm-classic-makeup-primer-spf-30-P419228?icid2=products grid:p419228,,sephora/open-dataset
COVER FX,Water Cloud Primer,natural,"[""normal"", ""misto""]",$35-$39,-Skin Defense Complex (Plankton Extract and Exopolisaccharide): Provides next-level defense against blue light and pollution.-Calendula (Pot Marigold) Water: Soothes- hydrates- and protects. Water- PVP- Glycerin- Hydrated Silica- Polysorbate 60- Nylon-6/12- Dimethicone/Vinyl Dimethicone Crosspolymer- Caprylyl Methicone- Polymethyl Methacrylate- HDI/Trimethylol Hexyllactone Crosspolymer- Propanediol- PEG-12 Dimethicone/PPG-20 Crosspolymer- Polymethylsilsesquioxane- Calendula Officinalis Flower Water- Sodium Polyacrylate Starch- Butylene Glycol- Hydroxyacetophenone- Silica- 1-2-Hexanediol- Caprylyl Glycol- Pectin- Isoceteth-10- Xanthan Gum- Scenedesmus Rubescens Extract- Plankton Extract- Alteromonas Ferment Extract- Phenoxyethanol- Sodium Benzoate- Potassium Sorbate- Titanium Dioxide (Ci 77891)- Blue 1 (Ci 42090). Clean at Sephora products are formulated without: Sulfates—SLS + SLES- Parabens- Formaldehydes- Formaldehyde-releasing agents- Phthalates- Mineral Oil- Retinyl Palmitate- Oxybenzone- Coal Tar- Hydroquinone- Triclosan- Triclocarban- Undisclosed synthetic fragrances (Products can be formulated with disclosed synthetic fragrances that meet the following two criteria: (1) the synthetic fragrances do not include any of the ingredients listed in numbers 1 through 12 above and (2) the synthetic fragrances are at a concentration below 1% of the total formula) The following type of acrylates: (ethyl acrylate- ethyl methacrylate- methyl methacrylate- butyl methacrylate- hydroxypropyl methacrylate- tetrahydrofurfuryl methacrylate- trimethylolpropane trimethacrylate - aluminum salts)- Animal Oils/Musks/Fats- Benzophenone + Related Compounds- Butoxyethanol- Carbon Black- Lead/Lead Acetate- Methyl Cellosolve + Methoxyethanol- Methylchloroisothiazolinone & Methylisothiazolinone- Mercury + Mercury Compounds (Thimerisol)- Insoluble Plastic Microbeads (This prohibited ingredient applies to products that are meant to be rinsed off )- Resorcinol- Talc (Talc that is free of any asbestos can be used in the formulation provided that Brand conducts testing to ensure that talc is free of any asbestos.)- Toluene- Butylated hydroxyanisole (BHA)- Butylated hydroxytoluene (BHT) that is 0.1% or more of total formula- Ethanolamines DEA/TEA/MEA/ETA- Nanoparticles as defined by the European Commission- Petrolatum and Parrafin that is not USP grade- Phenoxyethanol that is 1% or more of total formulation- Polyacrylamide & Acrylamide- The following types of Styrene (Bromostyrene- Deastyrene/acrylates/dvbcopolymer- sodium styrene/divinylbenzene copolymer - styrene oxide- styrene)- 1-4 Dioxane in final formulas must comply with the thresholds as follows: (10 or < ppm for products that are meant to be rinsed off- wiped off or removed- 3ppm or < for products that are meant to remain on the skin).,sephora,False,,,https://www.sephora.com/product/water-cloud-primer-P440043?icid2=products grid:p440043,,sephora/open-dataset
Charlotte Tilbury,Brightening Youth Glow Primer,dewy,"[""normal"", ""misto""]",$55-$59,-Chlorella and Vitamin B3: Provide anti-aging and anti-redness benefits.Water- Dimethicone- Cyclopentasiloxane- Polysilicone-11- Butylene Glycol- Glycerin- Silica- Mica- Squalane- Titanium Dioxide (CI 77891)- Nylon-12- Isononyl Isononanoate- Phenoxyethanol- Hydroxyethyl Acrylate/Sodium Acryloyldimethyl Taurate Copolymer- Sodium Potassium Aluminum Silicate- Avena Sativa (Oat) Kernel Extract- Ethylhexylglycerin- Isohexadecane- PEG-10 Dimethicone- Tocopheryl Acetate- Carbomer- Polysorbate 60- Polysorbate 40- Hydrolyzed Viola Tricolor Extract- Caramel- Allantoin- Aloe Barbadensis Leaf Juice- Disodium Edta- Camellia Oleifera Seed Oil- Rosa Canina Fruit Oil- Ammonium Polyacryloyldimethyl Taurate- Nylon-12 Fluorescent Brightener 230 Salt- Sodium Hydroxide- Iron Oxides (CI 77491- CI 77492- CI 77499)- Sodium Hyaluronate- Sodium Lactate- Sorbitan Isostearate- Coco-Glucoside- Fragrance- Polyvinylalcohol Crosspolymer- Helianthus Annuus (Sunflower) Seed Oil- Palmitoyl Oligopeptide- Palmitoyl Tetrapeptide-7- Rosa Damascena Flower Oil- Tocopherol- Plumeria Rubra Flower Extract- Anthemis Nobilis Flower Oil- Nicotiana Sylvestris Leaf Cell Culture- Citronellol.,sephora,False,,,https://www.sephora.com/product/brightening-youth-glow-primer-P434527?icid2=products grid:p434527,,sephora/open-dataset
Charlotte Tilbury,Wonderglow Face Primer,hydrating,"[""seco""]",$55-$59,-BioNymph Peptide Complex: Has anti-aging properties and supports natural collagen- which contributes to skin elasticity.-Hyaluronic Acid- Wild Pansy- Rosehip- and Camellia: Seal in moisture to regenerate and renew dry- dull skin. Water- Dimethicone- Cyclopentasiloxane- Polysilicone-11- Butylene Glycol- Glycerin- Silica- Mica- Squalane- Titanium Dioxide (CI 77891)- Nylon-12- Isononyl Isononanoate- Phenoxyethanol- Hydroxyethyl Acrylate/Sodium Acryloyldimethyl Taurate Copolymer- Sodium Potassium Aluminum Silicate- Avena Sativa (Oat) Kernel Extract- Ethylhexylglycerin- Isohexadecane- PEG-10 Dimethicone- Tocopheryl Acetate- Carbomer- Polysorbate 60- Polysorbate 40- Hydrolyzed Viola Tricolor Extract- Caramel- Allantoin- Aloe Barbadensis Leaf Juice- Disodium Edta- Camellia Oleifera Seed Oil- Rosa Canina Fruit Oil- Ammonium Polyacryloyldimethyl Taurate- Nylon-12 Fluorescent Brightener 230 Salt- Sodium Hydroxide- Iron Oxides (CI 77491- CI 77492- CI 77499)- Sodium Hyaluronate- Sodium Lactate- Sorbitan Isostearate- Coco-Glucoside- Fragrance- Polyvinylalcohol Crosspolymer- Helianthus Annuus (Sunflower) Seed Oil- Palmitoyl Oligopeptide- Palmitoyl Tetrapeptide-7- Rosa Damascena Flower Oil- Tocopherol- Plumeria Rubra Flower Extract- Anthemis Nobilis Flower Oil- Nicotiana Sylvestris Leaf Cell Culture- Citronellol.,sephora,False,,,https://www.sephora.com/product/wonderglow-face-primer-P434004?icid2=products grid:p434004,,sephora/open-dataset
Ciaté London,Watermelon Burst Hydrating Primer,hydrating,"[""seco""]",$25-$29,Water- Butylene Glycol- Glycerin- Hamamelis Virginiana (Witch Hazel) Extract- Phenoxyethanol- PEG-40 Hydrogenated Castor Oil- Acrylates/C10-30 Alkyl Acrylate Crosspolymer- Chlorphenesin- Alcohol- Niacinamide- Benzophenone-4- Sodium Hydroxide- Fragrance (Parfum)- Tocopheryl Acetate- Pentylene Glycol- Trisodium Ethylenediamine Disuccinate- Trehalose- Urea- Agar- Aluminum Starch Octenylsuccinate- Serine- Citrullus Lanatus (Watermelon) Fruit Extract- Disodium EDTA- Algin- Caprylyl Glycol- Disodium Phosphate- Glyceryl Polyacrylate- Pullulan- Sodium Hyaluronate- Synthetic Fluorphlogopite- Polyquaternium-39- Potassium Phosphate- Sodium Benzoate- Tin Oxide- Limonene- Linalool- Iron Oxides (CI 77499)- Red 4 (CI 14700)- Titanium Dioxide (CI 77891)- Yellow 5 (CI 19140).,sephora,False,,,https://www.sephora.com/product/watermelon-burst-hydrating-primer-P446306?icid2=products grid:p446306,,sephora/open-dataset
Cinema Secrets,Super Sealer Mattifying Setting Spray,natural,"[""oleoso"", ""seco""]",$20-$24,Water- Denatured Alcohol Sd40- Acrylates/Octylacrylamide Copolymer- Triethanolomine- Propylene Glycol- Propanediol- Polysorbate 20- Caprylyl Glycol- Phenoxyethanol- Hexylene Glycol.,sephora,,,,https://www.sephora.com/product/super-sealer-mattifying-setting-spray-P402980?icid2=products grid:p402980,,sephora/open-dataset
Clarins,Instant Smooth Perfecting Touch,matte,"[""normal"", ""misto""]",$35-$39,-Acacia Micro-Pearls: Temporarily refine skin texture filling in fine lines and wrinkles.-Pink Pearl Pigments: Optically minimize fine lines and wrinkles while softening facial features.-Vitamin E: Protects skin while keeping it comfortable. Cyclopentasiloxane- Dimethicone- Dimethicone/Vinyl Dimethicone Crosspolymer- Hydrogenated Vegetable Oil- Vinyl Dimethicone/Methicone Silsesquioxane Crosspolymer- Silica- Disteardimonium Hectorite- Pentaerythrityl Tetraisostearate- Alcohol- Tocopheryl Acetate- Butylene Glycol- Silica Dimethyl Silylate- Acacia Senegal Gum- Phenoxyethanol- Caprylyl Glycol- Hexylene Glycol- Ci 77019/Mica- Ci 77491/Iron Oxide- Ci 77891/Titanium Dioxide- Ci 75470/Carmine.,sephora,,,,https://www.sephora.com/product/instant-smooth-perfecting-touch-P130909?icid2=products grid:p130909,,sephora/open-dataset
Dermalogica,Skinperfect Primer SPF 30,natural,"[""oleoso"", ""misto"", ""seco"", ""normal""]",$50-$54,-Titanium Dioxide (4%): Protects skin from UVA and UVB radiation.-Zinc Oxide (14%): Creates a protective barrier and deflects UVA and UVB rays off.-Hyaluronic Acid: Hydrates the skin. Titanium Dioxide (4%)- Zinc Oxide (14%) Cyclopentasiloxane- Caprylic/Capric Triglyceride- Dimethicone Crosspolymer- Diisopropyl Adipate- Vinyl Dimethicone/Methicone Silsesquioxane Crosspolymer- Silica- Lauryl Peg-9 Polydimethylsiloxyethyl Dimethicone- Polyglyceryl-3 Polydimethylsiloxyethyl Dimethicone- Water/Aqua/Eau- Arginine/Lysine Polypeptide- Camellia Sinensis Leaf Extract- Palmitoyl Dipeptide-5 Diaminobutyroyl Hydroxythreonine- Palmitoyl Dipeptide-5 Diaminohydroxybutyrate- Sodium Hyaluronate- Hydrolyzed Soy Protein- Silanetriol- Hydrolyzed Pearl- Lavendula Spica (Lavender) Flower Oil- Lavandula Hybrida Oil- Eucalyptus Globulus Leaf Oil- Sodium PCA- Polyhydroxystearic Acid- Triethoxycaprylylsilane- Stearic Acid- Aluminum Hydroxide- PEG/PPG-18/18 Dimethicone- PEG/PPG-20/15 Dimethicone- Glycerin- Phenoxyethanol- Ethylhexylglycerin- Tin Oxide- Iron Oxides (CI77491)- (CI77492)- (CI77499).,sephora,,,,https://www.sephora.com/product/skinperfect-primer-P443361?icid2=products grid:p443361,,sephora/open-dataset
Dior,Airflash Radiance Mist Primer & Setting Spray,dewy,"[""normal""]",$50-$54,Butane- Water- Propane- Methyl Trimethicone- Phenyl Trimethicone- Alcohol- Dimethicone- Silica- Isobutane- Butylene Glycol- Mica- Acrylates/Dimethicone Copolymer- Cetyl Peg/Ppg-10/1 Dimethicone- Glycerin- Phenoxyethanol- Fragrance- Alumina- Peg-10 Dimethicone- Aluminum Hydroxide- Stearic Acid- Hydroxyethylcellulose- Lecithin- Sodium Hyaluronate- Disteardimonium Hectorite- Sodium Myristoyl Glutamate- Linalool- Limonene- Artemia Extract- Citronellol- Magnesium Aspartate- Zinc Gluconate- Tin Oxide- Potassium Sorbate- Bht- Copper Gluconate- Tocopherol- Pentaerythrityl Tetra-Di-T-Butyl Hydroxyhydrocinnamate. May Contain (+/-): Yellow 5/Yellow 5 Lake (Ci 19140)- Blue 1 Lake (Ci 42090)- Ultramarines (Ci 77007)- Bismuth Oxychloride (Ci 77163)- Iron Oxides (Ci 77491- Ci 77492- Ci 77499)- Titanium Dioxide (Ci 77891).*The ingredients in the composition of Parfums Christian Dior products are regularly updated. Before using a Parfums Christian Dior product- please read the ingredient list on its packaging to ensure that the ingredients are suitable for your personal use.,sephora,False,,,https://www.sephora.com/product/airflash-radiance-mist-primer-setting-spray-P431772?icid2=products grid:p431772,,sephora/open-dataset
Dior,BACKSTAGE Face & Body Primer,dewy,"[""normal"", ""misto""]",$35-$39,Water- Isododecane- Glycerin- Cyclopentasiloxane- Polysilicone-11- Butyrospermum Parkii (Shea) Butter- Polymethylsilsesquioxane- Peg-9 Polydimethylsiloxyethyl Dimethicone- Methyl Methacrylate Crosspolymer- Synthetic Fluorphlogopite- Phenoxyethanol- Caprylyl Glycol- Magnesium Sulfate- Sorbitan Sesquioleate- Disteardimonium Hectorite- Fragrance- Propylene Carbonate- Malva Sylvestris (Mallow) Extract- Tocopherol- Hydrogen Dimethicone- Linalool- Citric Acid- Limonene- Citronellol- Bht. May Contain (+/-): Yellow 5/Yellow 5 Lake (Ci 19140)- Blue 1 Lake (Ci 42090)- Ultramarines (Ci 77007)- Bismuth Oxychloride (Ci 77163)- Iron Oxides (Ci 77491- Ci 77492- Ci 77499)- Titanium Dioxide (Ci 77891).*The ingredients in the composition of Parfums Christian Dior products are regularly updated. Before using a Parfums Christian Dior product- please read the ingredient list on its packaging to ensure that the ingredients are suitable for your personal use.,sephora,False,,,https://www.sephora.com/product/backstage-face-body-primer-P444597?icid2=products grid:p444597,,sephora/open-dataset
Dior,Diorskin Forever & Ever Wear Makeup Primer SPF 20,natural,"[""normal"", ""misto""]",$45-$49,Cyclopentasiloxane- Aqua (Water)- Isododecane- Alcohol- Titanium Dioxide- Diphenyl Dimethicone/Vinyl Diphenyl Dimethicone/Silsesquioxane Crosspolymer- Peg-9 Polydimethylsiloxyethyl Dimethicone- Ethylhexyl Methoxycinnamate- Polysilicone-11- Methyl Methacrylate Crosspolymer- Mica- Aluminum Hydroxide- Acrylates/Dimethicone Copolymer- Isononyl Isononanoate- Phenyl Trimethicone- Silica- Butylene Glycol- Dimethicone- Disteardimonium Hectorite- Stearic Acid- Phenoxyethanol- Propylene Carbonate- Tetrasodium Edta- Parfum (Fragrance)- Algin- Rosa Multiflora Fruit Extract- Acacia Senegal Gum- Sodium Myristoyl Glutamate- Linalool- Bht- Limonene- Butylphenyl Methylpropional- Xanthan Gum- Serine- Sodium Stearate- Citronellol- Atelocollagen- Zinc Gluconate- Sodium Hyaluronate- Sodium Chloride- Tocopherol- [+/- :Ci 77491-Ci 77492 (Iron Oxides)- Ci 77891 (Titanium Dioxide)- ].,sephora,False,,,https://www.sephora.com/product/diorskin-forever-ever-wear-makeup-primer-spf-20-P405061?icid2=products grid:p405061,,sephora/open-dataset
Dr. Barbara Sturm,Anti-Aging Primer,dewy,"[""oleoso"", ""misto"", ""seco"", ""normal""]",$85-$89,-Hyaluronic Acid: Leaves the skin looking refreshed and radiant.-Purslane: A strong antioxidant that stimulates the body and supports skin health and rejuvenation.-Pearl Pigments: Provide a soft- youthful-looking glow. Water (Aqua)- Pentylene Glycol- Butylene Glycol- Sodium Polyacrylate- Lactobacillus/ Portulaca Oleracea Ferment Extract- Dimethylimidazolidinone Rice Starch- Phenoxyethanol- Synthetic Fluorphlogopite- Mica- Sodium Hyaluronate- Sodium Lactate- Sodium PCA- Ethylhexylglycerin- Phytic Acid- Leuconostoc/Radish Root Ferment Filtrate- Tin Oxide- Sodium Benzoate- Fructose- Glycine- Inositol- Lactic Acid- Niacinamide- Urea- Alcohol- Titanium Dioxide (CI 77891). Clean at Sephora products are formulated without: Sulfates—SLS + SLES- Parabens- Formaldehydes- Formaldehyde-releasing agents- Phthalates- Mineral Oil- Retinyl Palmitate- Oxybenzone- Coal Tar- Hydroquinone- Triclosan- Triclocarban- Undisclosed synthetic fragrances (Products can be formulated with disclosed synthetic fragrances that meet the following two criteria: (1) the synthetic fragrances do not include any of the ingredients listed in numbers 1 through 12 above and (2) the synthetic fragrances are at a concentration below 1% of the total formula) The following type of acrylates: (ethyl acrylate- ethyl methacrylate- methyl methacrylate- butyl methacrylate- hydroxypropyl methacrylate- tetrahydrofurfuryl methacrylate- trimethylolpropane trimethacrylate - aluminum salts)- Animal Oils/Musks/Fats- Benzophenone + Related Compounds- Butoxyethanol- Carbon Black- Lead/Lead Acetate- Methyl Cellosolve + Methoxyethanol- Methylchloroisothiazolinone & Methylisothiazolinone- Mercury + Mercury Compounds (Thimerisol)- Insoluble Plastic Microbeads (This prohibited ingredient applies to products that are meant to be rinsed off )- Resorcinol- Talc (Talc that is free of any asbestos can be used in the formulation provided that Brand conducts testing to ensure that talc is free of any asbestos.)- Toluene- Butylated hydroxyanisole (BHA)- Butylated hydroxytoluene (BHT) that is 0.1% or more of total formula- Ethanolamines DEA/TEA/MEA/ETA- Nanoparticles as defined by the European Commission- Petrolatum and Parrafin that is not USP grade- Phenoxyethanol that is 1% or more of total formulation- Polyacrylamide & Acrylamide- The following types of Styrene (Bromostyrene- Deastyrene/acrylates/dvbcopolymer- sodium styrene/divinylbenzene copolymer - styrene oxide- styrene)- 1-4 Dioxane in final formulas must comply with the thresholds as follows: (10 or < ppm for products that are meant to be rinsed off- wiped off or removed- 3ppm or < for products that are meant to remain on the skin).,sephora,False,,,https://www.sephora.com/product/dr-barbara-sturm-anti-aging-primer-P448555?icid2=products grid:p448555,,sephora/open-dataset
Dr. Brandt Skincare,pores no more® Luminizer Primer,dewy,"[""oleoso"", ""misto"", ""seco"", ""normal""]",$35-$39,-Optical Diffusers: Blur the look of imperfections.-Illuminating Powders: Help promote natural-looking radiance and glow. -Lentil Seed Extract: Refines the appearance of pores. Water- Trimethylolpropane Tricaprylate/Tricaprate- Pentaerythrityl Tetraisostearate- Neopentyl Glycol Diethylhexanoate- Propanediol- Bis-Stearyl Dimethicone- Mica- Glycerin- Synthetic Fluorphlogopite- Polysilicone-11- Cetyl Alcohol- Dimethicone- Glyceryl Stearate- Hydroxyethyl Acrylate/Sodium Acryloyldimethyl Taurate Copolymer- Trifluoromethyl C1-4 Alkyl Dimethicone- C30-45 Alkyl Dimethicone- Glycol Distearate- Peg-75 Stearate- Polymethylsilsesquioxane- Phenoxyethanol- Ceteth-20- Steareth-20- Lens Esculenta (Lentil) Seed Extract- Tocopheryl Acetate- Polymethyl Methacrylate- Citric Acid- Silica- Squalane- Ethylhexylglycerin- Lavandula Angustifolia (Lavender) Flower Oil- Potassium Sorbate- Disodium Edta- Polysorbate 60- Hdi/Trimethylol Hexyllactone Crosspolymer- Laureth-12- Galactoarabinan- Triethoxycaprylylsilame- Ci 77891 (Titanium Dioxide)- Ci 77491- Ci 77492- Ci77499 Iron Oxides)- Linalool.,sephora,False,,,https://www.sephora.com/product/pores-no-more-luminizer-primer-P417002?icid2=products grid:p417002,,sephora/open-dataset
Dr. Brandt Skincare,pores no more® pore refiner primer,matte,"[""oleoso"", ""misto"", ""normal""]",$45-$49,-Oil-Absorbing Spheres: Mattify skin and diffuse light to minimize the appearance of pores- expression lines- and wrinkles.-Red Clover Flower Extract: Helps shrink the look of pores over time by rebalancing skin conditions responsible for pore enlargement.-Derivative of Salicylic Acid: Gently exfoliates dead skin cells and oil build-up within pores- smooths the look of the skin’s surface- and calms skin. Cyclopentasiloxane- Water/Aqua/Eau- Dimethicone Crosspolymer- Lauryl Peg/Ppg-18/18 Methicone- Methyl Methacrylate Crosspolymer- Polymethylsilsesquioxane- Dimethicone/Vinyl Dimethicone Crosspolymer- Polysilicone-11- Titanium Dioxide (Ci 77891)- Dimethyl Isosorbide- Polymethyl Methacrylate- Phenoxyethanol- Peg/Ppg-18/18 Dimethicone- Isopentyldiol- Ethylhexyl Palmitate- Capryloyl Salicylic Acid- Chlorphenesin- Lavandula Angustifolia (Lavender) Oil- Ethylhexylglycerin- Melaleuca Alternifolia (Tea Tree) Leaf Oil- Silica- Triethoxycaprylylsilane- Hdi/Trimethylol Hexyllactone Crosspolymer- Dimethyl Oxobenzo Dioxasilane- Silica Dimethyl Silylate- Trifolium Pratense (Clover) Flower Extract- Laureth-12- Iron Oxide (Ci 77492- Ci 77491- Ci 77499).,sephora,,True,,https://www.sephora.com/product/pores-no-more-pore-refiner-primer-P139005?icid2=products grid:p139005,,sephora/open-dataset
Erborian,Extra Matte Ultra Mattifying Primer,hydrating,"[""oleoso"", ""misto"", ""seco"", ""normal""]",$40-$44,-White Water Lily: Moisturizes and mattifies. -Silica Powder: Helps absorb excess sebum and reduce the appearance of pores. -Light-reflecting Pigments: Bring radiance for a new matte effect. Cyclomethicone- Dimethicone- Water- Vinyl Dimethicone/Methicone Silsesquioxane Crosspolymer- Polymethyl Methacrylate- Dicaprylyl Carbonate- Trihydroxystearin- Silica- Dimethicone/Vinyl Dimethicone Crosspolymer- Polymethylsilsesquioxane- Isononyl Isononanoate- Trisiloxane- PEG-10 Dimethicone- Alcohol- Cetyl PEG/PPG-10/1 Dimethicone- Butylene Glycol- Bis-PEG-18 Methyl Ether Dimethyl Silane- Nymphaea Alba Flower Extract- Polysilicone-11- Dimethicone Crosspolymer- Isoceteth-10- Disodium EDTA- Mica- Ethylhexylglycerin- Pentaerythrityl Tetra-Di-T-Butyl Hydroxyhydrocinnamate- Tocopherol- Phenoxyethanol- Parfum/Fragrance- Hexyl Cinnamal- Alpha-Isomethyl Ionone- Linalool- Citronellol- Geraniol- Eugenol- Limonene- Cinnamyl Alcohol- CI 77891/Titanium Dioxide- CI 77510/Ferric Ferrocyanide.,sephora,False,,,https://www.sephora.com/product/extra-matte-ultra-mattifying-primer-P432657?icid2=products grid:p432657,,sephora/open-dataset
Erborian,Pink Perfect Pore Minimizing Primer,dewy,"[""oleoso"", ""misto"", ""seco"", ""normal""]",$35-$39,-Persimmon Leaf Extract (Diospyros Kaki)- Camellia Japonica Seed Oil (Camellia Japonica)- Cucurbita Pepo (Pumpkin) Seed Oil- and Salix Alba (Willow) Bark Extract: Help blur imperfections- minimize the appearance of pores- and provide a soft-focus glow. Water- Cyclomethicone- Isononyl Isononanoate- Butylene Glycol- Dipropylene Glycol- Propylene Glycol- Cetearyl Alcohol- Dimethicone- Glycerin- Dimethicone Crosspolymer- CI 77891/Titanium Dioxide- Polysorbate 80- Palmitic Acid- Glyceryl Stearate- Stearic Acid- Salix Alba (Willow) Bark Extract- Diospyros Kaki Leaf Extract- Camellia Japonica Seed Oil- Cucurbita Pepo (Pumpkin) Seed Oil- Tocopherol- Ethylhexylglycerin- Xanthan Gum- Tocopheryl Acetate- Beta-Glucan- Silica- PEG-100 Stearate- Ammonium Acryloyldimethyltaurate/ VP Copolymer- Sodium Acrylate/Sodium Acryloyldimethyl Taurate Copolymer- Propanediol- Mica- Isohexadecane- 1-2- Hexanediol- Phenoxyethanol- Dimethiconol- T-Butyl Alcohol- Lauryl PEG-9 Polydimethylsiloxyethyl Dimethicone- Fragrance- Hexyl Cinnamal- Alpha-Isomethyl Ionone- Linalool- Citronellol- Geraniol- Eugenol- Limonene- Cinnamyl Alcohol- CI 77491/Iron Oxides.,sephora,False,,,https://www.sephora.com/product/pink-perfect-creme-P419445?icid2=products grid:p419445,,sephora/open-dataset
Estée Lauder,The Illuminator Radiant Perfecting Primer + Finisher,dewy,"[""normal"", ""misto""]",$35-$39,Illuminating Perfecting Primer Division: El (Estee Lauder)Ingredients: Water- Peg-8 Dimethicone- Butylene Glycol- Silica- Sodium Acrylate/Sodium Acryloyldimethyl Taurate Copolymer- Butyrospermum Parkii (Shea Butter)- Cetearyl Alcohol- Imperata Cylindrica Root Extract- Glycerin- Pullulan- Isohexadecane- Coco-Glucoside- Dimethicone- Carbomer- Polysorbate 80- Caprylyl Glycol- Tocopheryl Acetate- Acrylates/C10-30 Alkyl Acrylate Crosspolymer- Sodium Hydroxide- Hexylene Glycol- Sodium Hyaluronate- Disodium Edta- Phenoxyethanol- [+/- Mica- Titanium Dioxide (Ci 77891)- Manganese Violet (Ci 77742)- Yellow 5 Lake (Ci 19140)- Carmine (Ci 75470)- Bismuth Oxychloride (Ci 77163)- Blue 1 Lake (Ci 42090)- Iron Oxides (Ci 77491- Ci 77492- Ci 77499)] Please be aware that ingredient lists may change or vary from time to time.� Please refer to the ingredient list on the product package you receive for the most up to date list of ingredients.,sephora,,,,https://www.sephora.com/product/the-illuminator-radiant-perfecting-primer-finisher-P422281?icid2=products grid:p422281,,sephora/open-dataset
Estée Lauder,The Mattifier Shine Control Perfecting Primer + Finisher,matte,"[""oleoso""]",$35-$39,Matte Perfecting Primer Division: El (Estee Lauder)Ingredients: Water - Dimethicone - Cyclopentasiloxane - Polysilicone-11 - Silica - Dimethicone Silylate - Sucrose - Isopentyldiol - Hypnea Musciformis (Algae) Extract - Gellidiela Acerosa (Algae) Extract - Poria Cocos Sclerotium Extract - Camellia Sinensis (Green Tea) Leaf Extract - Vitis Vinifera (Grape) Fruit Extract - Scutellaria Baicalensis Root Extract - Laminaria Saccharina Extract - Morus Bombycis (Mulberry) Root Extract - Algae Extract - Caffeine - Amorphophallus Konjac Root Powder - Peg-10 Dimethicone - Polysorbate 20 - Ammonium Acryloyldimethyltaurate/Vp Copolymer - Hdi/Trimethylol Hexyllactone Crosspolymer - Peg/Ppg-18/18 Dimethicone - Saccharide Isomerate - Laureth-7 - Sodium Hyaluronate - Stearyl Dimethicone - Butylene Glycol - Polyethylene - Isododecane - Acrylates/Ethylhexyl Acrylate Copolymer - Laureth-21 - Caprylyl Glycol - Tocopheryl Acetate - Magnesium Myristate - Magnesium Ascorbyl Phosphate - Triethoxycaprylylsilane - Hexylene Glycol - Phenoxyethanol - [+/- Titanium Dioxide (Ci 77891) - Mica - Bismuth Oxychloride (Ci 77163) - Iron Oxides (Ci 77491- Ci 77492- Ci 77499)],sephora,,,,https://www.sephora.com/product/the-mattifier-shine-control-perfecting-primer-finisher-P422280?icid2=products grid:p422280,,sephora/open-dataset
Estée Lauder,The Smoother Universal Perfecting Primer,matte,"[""normal"", ""misto""]",$35-$39,Perfecting Smoothing Primer Division: El (Estee Lauder)Ingredients: Dimethicone - Isododecane - Polysilicone-11 - Silica - Ethylhexyl Stearate - Polymethylsilsesquioxane - Prunus Armeniaca (Apricot) Kernel Oil - Coco-Caprylate/Caprate - Tocopheryl Acetate - Fragrance (Parfum) - [+/- Mica - Titanium Dioxide (Ci 77891) - Iron Oxides (Ci 77491) - Iron Oxides (Ci 77492) - Iron Oxides (Ci 77499) - Bismuth Oxychloride (Ci 77163)],sephora,False,,,https://www.sephora.com/product/the-smoother-universal-protecting-primer-P422282?icid2=products grid:p422282,,sephora/open-dataset
FARSÁLI,Liquid Glass Radiance Serum,dewy,"[""normal"", ""misto""]",$50-$54,-Hyaluronic Acid: Revitalizes and replenishes the skin’s outer layers with moisture- and diminishes the appearance of fine lines and wrinkles.-AcquaCell: Combines watermelon rind extract- lentil fruit extract- and apple extract to provide long-lasting hydration. Water- Isopentyldiol- Butylene Glycol- Dimethyl Isosorbide- PPG-24-Glycereth-24- PEG-40 Hydrogenated Castor Oil- Polyester-5- Sodium Hyaluronate- Glycerin- Citrullus Lanatus (Watermelon) Fruit Extract- Pyrus Malus (Apple) Fruit Extract- Lens Esculenta (Lentil) Fruit Extract- Sodium PCA- Sodium Lactate- Xylitylglucoside- Anhydroxylitol- Xylitol- Vanilla Planifolia Fruit Water- Citrus Aurantium Dulcis (Orange) Oil- Ammonium Acryloyldimethyltaurate/Carboxyethyl Acrylate Crosspolymer- Disodium EDTA- Ethylhexylglycerin- Hydroxyacetophenone- Phenoxyethanol- Sodium Hydroxide- Synthetic Fluorphlogopite. May Contain (+/-): Tin Oxide (Ci 77861)- Titanium Dioxide (Ci 77891)- Mica (Ci 77019)- Iron Oxides (Ci 77491- Ci 77492- Ci 77499). Clean at Sephora products are formulated without: Sulfates—SLS + SLES- Parabens- Formaldehydes- Formaldehyde-releasing agents- Phthalates- Mineral Oil- Retinyl Palmitate- Oxybenzone- Coal Tar- Hydroquinone- Triclosan- Triclocarban- Undisclosed synthetic fragrances (Products can be formulated with disclosed synthetic fragrances that meet the following two criteria: (1) the synthetic fragrances do not include any of the ingredients listed in numbers 1 through 12 above and (2) the synthetic fragrances are at a concentration below 1% of the total formula) The following type of acrylates: (ethyl acrylate- ethyl methacrylate- methyl methacrylate- butyl methacrylate- hydroxypropyl methacrylate- tetrahydrofurfuryl methacrylate- trimethylolpropane trimethacrylate - aluminum salts)- Animal Oils/Musks/Fats- Benzophenone + Related Compounds- Butoxyethanol- Carbon Black- Lead/Lead Acetate- Methyl Cellosolve + Methoxyethanol- Methylchloroisothiazolinone & Methylisothiazolinone- Mercury + Mercury Compounds (Thimerisol)- Insoluble Plastic Microbeads (This prohibited ingredient applies to products that are meant to be rinsed off )- Resorcinol- Talc (Talc that is free of any asbestos can be used in the formulation provided that Brand conducts testing to ensure that talc is free of any asbestos.)- Toluene- Butylated hydroxyanisole (BHA)- Butylated hydroxytoluene (BHT) that is 0.1% or more of total formula- Ethanolamines DEA/TEA/MEA/ETA- Nanoparticles as defined by the European Commission- Petrolatum and Parrafin that is not USP grade- Phenoxyethanol that is 1% or more of total formulation- Polyacrylamide & Acrylamide- The following types of Styrene (Bromostyrene- Deastyrene/acrylates/dvbcopolymer- sodium styrene/divinylbenzene copolymer - styrene oxide- styrene)- 1-4 Dioxane in final formulas must comply with the thresholds as follows: (10 or < ppm for products that are meant to be rinsed off- wiped off or removed- 3ppm or < for products that are meant to remain on the skin).,sephora,False,,,https://www.sephora.com/product/liquid-glass-radiance-make-skin-serum-P443766?icid2=products grid:p443766,,sephora/open-dataset
FARSÁLI,Skintune Blur Perfecting Primer Serum,hydrating,"[""seco""]",$50-$54,-Vitamin C: Brightens the look of skin.-Poria Cocos Extract: Provides antioxidant benefits and skin-soothing properties.-Cucumber Extract: Provides antioxidant benefits and skin-soothing properties. Water- Methyl Methacrylate Crosspolymer- Dimethicone- Propanediol- Glycerin- Dimethicone/Vinyl Dimethicone Crosspolymer- Coco-Caprylate / Caprate- Squalane- Ethyl Macadamiate- Cetearyl Isononanoate- Phenoxyethanol- Ceteareth-20- Cetearyl Alcohol- Hydroxyethyl Acrylate/Sodium- Acryloyldimethyl Taurate Copolymer- Glyceryl Stearate- Ascorbic Acid- Ethylhexylglycerin- Tocopherol- Polysorbate 60- Sorbitan Isostearate- Sodium PCA- Chamomilla Recutita Flower Extract- Terminalia Ferdinandiana Fruit Extract- Caprylic/Capric Triglyceride- Sodium Citrate- Phragmites Kharka Extract- Poria Cocos Extract- Citric Acid- Benzoic Acid- Ceteareth-12- Cetyl Palmitate- Sodium Benzoate- Malic Acid- Cucumis Sativus Fruit Extract. Clean at Sephora products are formulated without: Sulfates—SLS + SLES- Parabens- Formaldehydes- Formaldehyde-releasing agents- Phthalates- Mineral Oil- Retinyl Palmitate- Oxybenzone- Coal Tar- Hydroquinone- Triclosan- Triclocarban- Undisclosed synthetic fragrances (Products can be formulated with disclosed synthetic fragrances that meet the following two criteria: (1) the synthetic fragrances do not include any of the ingredients listed in numbers 1 through 12 above and (2) the synthetic fragrances are at a concentration below 1% of the total formula) The following type of acrylates: (ethyl acrylate- ethyl methacrylate- methyl methacrylate- butyl methacrylate- hydroxypropyl methacrylate- tetrahydrofurfuryl methacrylate- trimethylolpropane trimethacrylate - aluminum salts)- Animal Oils/Musks/Fats- Benzophenone + Related Compounds- Butoxyethanol- Carbon Black- Lead/Lead Acetate- Methyl Cellosolve + Methoxyethanol- Methylchloroisothiazolinone & Methylisothiazolinone- Mercury + Mercury Compounds (Thimerisol)- Insoluble Plastic Microbeads (This prohibited ingredient applies to products that are meant to be rinsed off )- Resorcinol- Talc (Talc that is free of any asbestos can be used in the formulation provided that Brand conducts testing to ensure that talc is free of any asbestos.)- Toluene- Butylated hydroxyanisole (BHA)- Butylated hydroxytoluene (BHT) that is 0.1% or more of total formula- Ethanolamines DEA/TEA/MEA/ETA- Nanoparticles as defined by the European Commission- Petrolatum and Parrafin that is not USP grade- Phenoxyethanol that is 1% or more of total formulation- Polyacrylamide & Acrylamide- The following types of Styrene (Bromostyrene- Deastyrene/acrylates/dvbcopolymer- sodium styrene/divinylbenzene copolymer - styrene oxide- styrene)- 1-4 Dioxane in final formulas must comply with the thresholds as follows: (10 or < ppm for products that are meant to be rinsed off- wiped off or removed- 3ppm or < for products that are meant to remain on the skin).,sephora,False,,,https://www.sephora.com/product/skintune-blur-perfecting-primer-serum-P436269?icid2=products grid:p436269,,sephora/open-dataset
FARSÁLI,Skintune Blur Perfecting Primer Serum Mini,hydrating,"[""seco""]",$20-$24,-Vitamin C: Helps brighten skin.-Poria Cocos Extract: Provides antioxidant and skin-soothing properties.-Cucumber Extract: Provides antioxidant and skin-conditioning properties. Water- Methyl Methacrylate Crosspolymer- Dimethicone- Propanediol- Glycerin- Dimethicone/Vinyl Dimethicone Crosspolymer- Coco-Caprylate/Caprate- Squalane- Ethyl Macadamiate- Cetearyl Isononanoate- Phenoxyethanol- Ceteareth-20- Cetearyl Alcohol- Hydroxyethyl Acrylate/Sodium- Acryloyldimethyl Taurate Copolymer- Glyceryl Stearate- Ascorbic Acid- Ethylhexylglycerin- Tocopherol- Polysorbate 60- Sorbitan Isostearate- Sodium PCA- Chamomilla Recutita Flower Extract- Terminalia Ferdinandiana Fruit Extract- Caprylic/Capric Triglyceride- Sodium Citrate- Phragmites Kharka Extract- Poria Cocos Extract- Citric Acid- Benzoic Acid- Ceteareth-12- Cetyl Palmitate- Sodium Benzoate- Malic Acid- Cucumis Sativus Fruit Extract. Clean at Sephora products are formulated without: Sulfates—SLS + SLES- Parabens- Formaldehydes- Formaldehyde-releasing agents- Phthalates- Mineral Oil- Retinyl Palmitate- Oxybenzone- Coal Tar- Hydroquinone- Triclosan- Triclocarban- Undisclosed synthetic fragrances (Products can be formulated with disclosed synthetic fragrances that meet the following two criteria: (1) the synthetic fragrances do not include any of the ingredients listed in numbers 1 through 12 above and (2) the synthetic fragrances are at a concentration below 1% of the total formula) The following type of acrylates: (ethyl acrylate- ethyl methacrylate- methyl methacrylate- butyl methacrylate- hydroxypropyl methacrylate- tetrahydrofurfuryl methacrylate- trimethylolpropane trimethacrylate - aluminum salts)- Animal Oils/Musks/Fats- Benzophenone + Related Compounds- Butoxyethanol- Carbon Black- Lead/Lead Acetate- Methyl Cellosolve + Methoxyethanol- Methylchloroisothiazolinone & Methylisothiazolinone- Mercury + Mercury Compounds (Thimerisol)- Insoluble Plastic Microbeads (This prohibited ingredient applies to products that are meant to be rinsed off )- Resorcinol- Talc (Talc that is free of any asbestos can be used in the formulation provided that Brand conducts testing to ensure that talc is free of any asbestos.)- Toluene- Butylated hydroxyanisole (BHA)- Butylated hydroxytoluene (BHT) that is 0.1% or more of total formula- Ethanolamines DEA/TEA/MEA/ETA- Nanoparticles as defined by the European Commission- Petrolatum and Parrafin that is not USP grade- Phenoxyethanol that is 1% or more of total formulation- Polyacrylamide & Acrylamide- The following types of Styrene (Bromostyrene- Deastyrene/acrylates/dvbcopolymer- sodium styrene/divinylbenzene copolymer - styrene oxide- styrene)- 1-4 Dioxane in final formulas must comply with the thresholds as follows: (10 or < ppm for products that are meant to be rinsed off- wiped off or removed- 3ppm or < for products that are meant to remain on the skin).,sephora,False,,,https://www.sephora.com/product/skintune-blur-perfecting-primer-serum-mini-P443767?icid2=products grid:p443767,,sephora/open-dataset
FARSÁLI,Unicorn Essence Antioxidant Primer Serum,dewy,"[""seco""]",$50-$54,-Açaí Berry: Helps protect the skin from environmental stressors. -Blueberry: Rich in vitamins A- B- C- and E to maintain radiant and youthful-looking skin. -Goji Berry: Loaded with vitamins and minerals to improve and firm the look of skin tone. -Elderberry: Provides daily protection and nourishment for softer- smoother skin. Water- Propanediol- Glycerin- Polysorbate 20- Glyceryl Polyacrylate- Euterpe Oleracea (Açaí) Fruit Extract- Vaccinium Angustifolium (Blueberry) Fruit Extract- Lycium Barbarum (Goji) Fruit Extract- Sambucus Nigra (Elder Berry) Fruit Extract- Tamarindus Indica Seed Polysaccharide- Phenoxyethanol- Ethylhexylglycerin- Hydroxyethyl Acrylate/Sodium Acryloyldimethyl Taurate Copolymer- Vanilla Planifolia Fruit Extract- Citrus Aurantium Bergamia (Bergamot) Fruit Oil- Citrus Paradisi (Grapefruit) Peel Oil- Red 33- Red 4- Blue 1- Mica- Titanium Dioxide. Clean at Sephora products are formulated without: Sulfates—SLS + SLES- Parabens- Formaldehydes- Formaldehyde-releasing agents- Phthalates- Mineral Oil- Retinyl Palmitate- Oxybenzone- Coal Tar- Hydroquinone- Triclosan- Triclocarban- Undisclosed synthetic fragrances (Products can be formulated with disclosed synthetic fragrances that meet the following two criteria: (1) the synthetic fragrances do not include any of the ingredients listed in numbers 1 through 12 above and (2) the synthetic fragrances are at a concentration below 1% of the total formula) The following type of acrylates: (ethyl acrylate- ethyl methacrylate- methyl methacrylate- butyl methacrylate- hydroxypropyl methacrylate- tetrahydrofurfuryl methacrylate- trimethylolpropane trimethacrylate - aluminum salts)- Animal Oils/Musks/Fats- Benzophenone + Related Compounds- Butoxyethanol- Carbon Black- Lead/Lead Acetate- Methyl Cellosolve + Methoxyethanol- Methylchloroisothiazolinone & Methylisothiazolinone- Mercury + Mercury Compounds (Thimerisol)- Insoluble Plastic Microbeads (This prohibited ingredient applies to products that are meant to be rinsed off )- Resorcinol- Talc (Talc that is free of any asbestos can be used in the formulation provided that Brand conducts testing to ensure that talc is free of any asbestos.)- Toluene- Butylated hydroxyanisole (BHA)- Butylated hydroxytoluene (BHT) that is 0.1% or more of total formula- Ethanolamines DEA/TEA/MEA/ETA- Nanoparticles as defined by the European Commission- Petrolatum and Parrafin that is not USP grade- Phenoxyethanol that is 1% or more of total formulation- Polyacrylamide & Acrylamide- The following types of Styrene (Bromostyrene- Deastyrene/acrylates/dvbcopolymer- sodium styrene/divinylbenzene copolymer - styrene oxide- styrene)- 1-4 Dioxane in final formulas must comply with the thresholds as follows: (10 or < ppm for products that are meant to be rinsed off- wiped off or removed- 3ppm or < for products that are meant to remain on the skin).,sephora,False,,,https://www.sephora.com/product/unicorn-essence-P417141?icid2=products grid:p417141,,sephora/open-dataset
FENTY BEAUTY by Rihanna,Pro Filt'r Hydrating Primer,hydrating,"[""misto"", ""seco"", ""normal""]",$30-$34,-Grape Seed Oil and Sodium Hyaluronate: Hydrate skin. Water (Aqua)- Dimethicone- Erythritol- Pentylene Glycol- Glycerin- Cetyl Peg/Ppg-10/1 Dimethicone- Polymethylsilsesquioxane- Pentaerythrityl Tetraisostearate- Isododecane- Trimethylsiloxysilicate- Nylon-12- Polymethyl Methacrylate- Sodium Chloride- Phenoxyethanol- Ethylhexyl Methoxycinnamate- Hydroxyacetophenone- Magnesium Sulfate- Polysilicone-11- Disteardimonium Hectorite- Sodium Hyaluronate- Tocopheryl Acetate- Propylene Carbonate- Parfum/Fragrance- Biosaccharide Gum-4- Laureth-12- Vitis Vinifera (Grape) Seed Oil- Talc- Hydrogen Dimethicone- Triethoxycaprylylsilane- Methicone- Iron Oxides (CI 77491- CI 77499).,sephora,False,,,https://www.sephora.com/product/pro-filt-r-hydrating-primer-P448703?icid2=products grid:p448703,,sephora/open-dataset
FENTY BEAUTY by Rihanna,Pro Filt'r Instant Retouch Primer,hydrating,"[""oleoso"", ""misto"", ""seco"", ""normal""]",$30-$34,Water- Dimethicone- Isododecane- Glycerin- Cetyl Peg/Ppg-10/1 Dimethicone- Pentaerythrityl Tetraisostearate- Polymethylsilsesquioxane- Nylon-12- Phenoxyethanol- Dimethicone/Vinyl Dimethicone Crosspolymer- Sodium Chloride- Talc- Magnesium Sulfate- Sodium Dehydroacetate- Disteardimonium Hectorite- Benzoic Acid- Tocopheryl Acetate- Dehydroacetic Acid- Propylene Carbonate- Hydrogen Dimethicone- Ethylhexylglycerin- Parfum/Fragrance- Aluminum Hydroxide- Coral Powder- Sodium Hyaluronate- Xanthan Gum- Titanium Dioxide (CI 77891)- Iron Oxides (CI 77491- CI 77492).,sephora,False,,,https://www.sephora.com/product/pro-filtr-instant-retouch-primer-P04897543?icid2=products grid:p04897543,,sephora/open-dataset
FENTY BEAUTY by Rihanna,Pro Filt'r Mattifying Primer,matte,"[""oleoso"", ""misto"", ""seco"", ""normal""]",$30-$34,-Blue Agave Extract: Helps to mattify the skin. Water- Dimethicone- Isononyl Isononanoate- Polypropylene- Cetyl Peg/Ppg-10/1 Dimethicone- Pentylene Glycol- Isododecane- Nylon-12- Polymethyl Methacrylate- Hdi/Trimethylol Hexyllactone Crosspolymer- Maltose- Phenoxyethanol- Sodium Chloride- Dimethicone/Vinyl Dimethicone Crosspolymer- Magnesium Sulfate- Ethylhexylglycerin- Disteardimonium Hectorite- Agave Tequilana Leaf Extract- Dimethiconol- Silica- Propylene Carbonate- Fragrance- Biosaccharide Gum-4- Tocopherol.,sephora,False,,,https://www.sephora.com/product/pro-filt-r-mattifying-primer-P447551?icid2=products grid:p447551,,sephora/open-dataset
First Aid Beauty,Hello FAB Pores Be Gone Matte Primer,matte,"[""oleoso"", ""misto"", ""normal""]",$25-$29,Water (Aqua- Eau)- Dimethicone- Trisiloxane- Dimethicone Crosspolymer- Glycerin- Butylene Glycol- Polyglyceryl-4 Isostearate- Dimethicone/Vinyl Dimethicone Crosspolymer- Cetyl Dimethicone- Bis-(Glyceryl/Lauryl) Glyceryl Lauryl Dimethicone- Caprylic/Capric Triglyceride- Silica- Hexyl Laurate- Phenoxyethanol- Santalum Album (Sandalwood) Wood Extract- Citrus Limon (Lemon) Peel Extract- Prunus Armeniaca (Apricot) Fruit Extract- Pyrus Malus (Apple) Fruit Extract- Elettaria Cardamomum (Cardamom) Seed Extract- Rubus Idaeus (Raspberry) Leaf Extract- Cucumis Melo (Melon) Fruit Extract- Citrus Aurantium Dulcis (Orange) Peel Extract- Rose Extract- Ananas Sativus (Pineapple) Fruit Extract- Vanilla Planifolia Fruit Extract- Citrus Grandis (Grapefruit) Peel Extract- Cucumis Sativus (Cucumber) Fruit Extract- Cananga Odorata (Ylang Ylang) Flower Extract- Colloidal Oatmeal- Carbomer- PEG-60 Almond Glycerides- Caprylyl Glycol- Tocopheryl Acetate- Panthenol- Serenoa Serrulata Fruit Extract- Sodium Hyaluronate- Sodium Dehydroacetate- Linoleic Acid- Salicylic Acid- Chrysanthemum Parthenium (Feverfew) Extract- Glycyrrhiza Glabra (Licorice) Root Extract- Camellia Sinensis (Green Tea) Leaf Extract- Ficus Carica (Fig) Fruit Extract- Magnesium Ascorbyl Phosphate- Nordihydroguaiaretic Acid- Oleanolic Acid- Hydroxycitronellal- Limonene- Titanium Di-oxide (CI 77891)- Iron Oxides (CI 77491- CI 77492- CI 77499).,sephora,False,,,https://www.sephora.com/product/hello-fab-pores-be-gone-matte-primer-P442712?icid2=products grid:p442712,,sephora/open-dataset
GLAMGLOW,SUPERMATTIFY™ Clarifying Oil-Control Face Primer,hydrating,"[""oleoso"", ""misto"", ""seco"", ""normal""]",$40-$44,-Super 6 Acid Blend (Lactic Acid- Salicylic Acid- Glycolic Acid- Mandelic Acid- Tartaric Acid- and Pyruvic Acid): Helps keep the complexion clear. -Charcoal and Oil-balancing Clay: Provide all-day shine control- absorb excess oils- and blur skin imperfections. -Hyaluronic Acid: Delivers instant and all-day hydration. Water\Aqua\Eau- Coco-Caprylate/Caprate- Dimethicone- Ceresin- Methyl Methacrylate Crosspolymer- Glycerin- Propanediol- Lauryl Peg-10 Tris(Trimethylsiloxy)Silylethyl Dimethicone- Lactic Acid- Salicylic Acid- Glycolic Acid- Mandelic Acid- Tartaric Acid- Pyruvic Acid- Hyaluronic Acid- Eucalyptus Globulus Leaf- Eucalyptus Globulus Leaf Powder- Panthenol- Tocopherol- Charcoal Powder- Ethylhexylglycerin- Cetyl Alcohol- Peg\-10 Dimethicone- Sorbitan Olivate- C12-15 Alkyl Benzoate- Sodium Chloride- Silica- Distearyldimonium Chloride- Disteardimonium Hectorite- Caprylyl Glycol- Isopropyl Alcohol- Sodium Hydroxide- Fragrance (Parfum)- Linalool- Bht- Disodium Edta- Phenoxyethanol- Red 33 (Ci 17200)- Blue 1 (Ci 42090).,sephora,False,,,https://www.sephora.com/product/glamglow-supermattify-clarifying-oil-control-face-primer-P453228?icid2=products grid:p453228,,sephora/open-dataset
Givenchy,Prisme Primer,hydrating,"[""oleoso"", ""seco""]",$40-$44,Aqua (Water)- Cyclopentasiloxane- Butylene Glycol- Ethylhexyl Methoxycinnamate- Alcohol- Cetyl Peg/Ppg-10/1 Dimethicone- Titanium Dioxide [Nano]- Phenyl Trimethicone- Phenoxyethanol- Sorbitan Sesquioleate- Aluminum Hydroxide - Dimethicone- Stearic Acid- Disteardimonium Hectorite- Sodium Myristoyl Glutamate- Calcium Gluconate- Tetrasodium Edta- Parfum (Fragrance)- Propylene Carbonate- Viola Tricolor Extract- Pentylene Glycol- Hydrolyzed Rice Protein- Magnesium Aspartate- Zinc Gluconate- Bht- Ethylhexylglycerin- Geraniol- Rosa Multiflora Fruit Extract- Magnolia Obovata Bark Extract- Copper Gluconate- Pentaerythrityl Tetra-Di-T-Butyl Hydroxyhydrocinnamate- Tocopherol- [+/- Mica-Ci 77891 (Titanium Dioxide)-Ci 77492 - Ci 77491 (Iron Oxides)].,sephora,False,,,https://www.sephora.com/product/prisme-primer-P433574?icid2=products grid:p433574,,sephora/open-dataset
Guerlain,L'Essentiel Pore Minimizer & Shine-Control Primer,matte,"[""oleoso""]",$50-$54,-Avocado Extract: Helps to control excess sebum to keep skin appearing matte all day long and promote shine-free skin day after day.-White Cocoa Bean Extract: Helps to refine the look of pores and supports skin's natural balance and barrier. Aqua (Water)- Alcohol- Glycerin- Propanediol- Butylene Glycol- C9-12 Alkane- Cellulose- Dipropylene Glycol- Butyl Avocadate- Hydroxyethyl Acrylate/Sodium Acryloyldimethyl Taurate Copolymer- Alpha-Glucan Oligosaccharide- Coco-Caprylate/Caprate- Sodium Polyacrylate- Sodium Benzoate- Parfum (Fragrance)- Polymnia Sonchifolia Root Juice- Polysorbate 60- Sorbitan Isostearate- Maltodextrin- Citric Acid- Ci 77288 (Chromium Oxide Greens)- Tocopherol- Lactobacillus- Theobroma Cacao (Cocoa) Seed Extract.,sephora,False,,,https://www.sephora.com/product/guerlain-l-essentiel-primer-P455186?icid2=products grid:p455186,,sephora/open-dataset
Guerlain,L'Or 24K Gold Radiance Primer,dewy,"[""normal"", ""misto""]",$70-$74,-24-Karat Gold Flakes. Water- Glycerin- Alcohol- Butylene Glycol- Polysorbate 20- Phenoxyethanol- Peg-8- Glyceryl Polymethacrylate- Sorbitol- Ammonium Acryloyldimethyltaurate/Vp Copolymer- Fragrance- Polyvinyl Alcohol- Cellulose Gum- Gold- Butylphenyl Methylpropional- Linalool- Citronellol- Alpha-Isomethyl Ionone- Benzyl Benzoate- Geraniol- Pentylene Glycol- Rosa Centifolia Flower Extract- Hydrolyzed Rice Protein- Ascorbic Acid- Sodium Benzoate- Potassium Sorbate- BHT.,sephora,False,,,https://www.sephora.com/product/l-or-pure-radiance-face-primer-P197413?icid2=products grid:p197413,,sephora/open-dataset
Guerlain,Météorites Primer Perfecting Pearls,dewy,"[""normal"", ""misto""]",$70-$74,Water- Glycerin- Cyclopentasiloxane- Propanediol- Phenoxyethanol- Pentylene Glycol- Silica- Alcohol- Synthetic Fluorphlogopite- Butylene Glycol- Hydroxyethylcellulose- Ci 77891 (Titanium Dioxide)- Cetearyl Isononanoate- Gellan Gum- Dimethicone/Vinyl Dimethicone Crosspolymer- Calcium Alginate- Acrylates/C10-30 Alkyl Acrylate Crosspolymer- Fragrance- Disodium Edta- Tromethamine- Sodium Hydroxide- Polymethylsilsesquioxane- Ci 77491 (Iron Oxides)- Tin Oxide- Alpha-Isomethyl Ionone- Benzyl Benzoate- Bht- Diamond Powder- Tocopherol.,sephora,False,,,https://www.sephora.com/product/meteorites-base-perfecting-pearls-P405071?icid2=products grid:p405071,,sephora/open-dataset
HUDA BEAUTY,Matte Perfection Pre-Makeup Base Primer,matte,"[""oleoso"", ""misto""]",$30-$34,Water / Aqua /Eau- Adipic Acid/Neopentyl Glycol Crosspolymer- Butylene Glycol- Fructooligosaccharides- Pentylene Glycol- Talc- Sorbitol- Propanediol- Sodium Gluconate- Ethylhexylglycerin- Fragrance / Parfum- Glycerin- Sodium Polyacrylate- Hydrolyzed Manihot Esculenta Tuber Extract- Dimethicone- Vp/Va Copolymer- Alcohol- Enantia Chlorantha Bark Extract- Silica- Hydroxypropyl Methylcellulose- Amodimethicone- Potassium Magnesium- Aspartate- Caprylyl Glycol- Cimicifuga Racemosa Root Extract- Sodium Glycerophosphate- Calcium Glucoheptonate- Magnesium Gluconate- Chlorphenesin- Oleanolic Acid- Propylene Glycol- Phenoxyethanol- Red 40 / Ci 16035.,sephora,False,,,https://www.sephora.com/product/matte-perfection-pre-makeup-base-P433470?icid2=products grid:p433470,,sephora/open-dataset
HUDA BEAUTY,The Complexion Perfection - Pre-makeup Base Primer,hydrating,"[""oleoso"", ""seco""]",$35-$39,Water- Cyclopentasiloxane- Isododecane- Cera Alba (Beeswax)- Butyrospermum Parkii (Shea) Butter- Myrica Cerifera (Bayberry) Fruit Wax- Propylene Glycol- Cetyl PEG/PPG-10/1 Dimethicone- Caprylic/Capric Triglyceride- PEG-30 Dipolyhydroxystearate-Disteardimonium Hectorite- Phenyl Trimethicone- Vinyl Dimethicone/MethiconeSilsesquioxane Crosspolymer- Trimethylsiloxysilicate- Sodium Chloride- Dimethicone- Phenoxyethanol- Rosa Moschata Seed Oil- Sodium Dehydroacetate- Sodium Gluconate- Tocopheryl Acetate- Ethylhexylglycerin- Parfum (Fragrance)- Benzyl Salicylate- Linalool- Coumarin- Hydroxycitronellal.,sephora,False,,,https://www.sephora.com/product/complexion-perfection-primer-P424303?icid2=products grid:p424303,,sephora/open-dataset
Hourglass,Ambient Light Correcting Primer,dewy,"[""normal"", ""misto""]",$40-$44,Water/Aqua- Isododecane- Methyl Perfluorobutyl Ether- Propanediol- Dimethicone- Polysilicone-11- Silica- Butylene Glycol- Coco-Caprylate/Caprate- Mica- Ammonium Acryloyldimethyltaurate/Vp Copolymer- Caprylyl Glycol- Carbomer- Cellulose Gum- Decyl Glucoside- Hexylene Glycol- Hydroxyethylcellulose- Lecithin- Phenoxyethanol- Polyester-5- Polysorbate 20- Potassium Sorbate- Pvp- Tocopherol- Triethanolamine. May Contain (+/-): Iron Oxides (Ci 77491- Ci 77492- Ci 77499)- Titanium Dioxide (Ci 77891).,sephora,,,,https://www.sephora.com/product/ambient-light-correcting-primer-P407705?icid2=products grid:p407705,,sephora/open-dataset
Hourglass,N° 28 Primer Serum,hydrating,"[""seco""]",$65-$69,Cyclopentasiloxane- Dimethicone- Dimethiconol- Ethylhexyl Cocoate- Phenyl Trimethicone- Lavender (Lavandula Angustifolia) Oil- Geranium (Geranium Maculatum) Oil- Dioctyl Succinate- Octyldodecanol- Panthenyl Triacetate- Octyldodecyl Myristate- Vanilla (Vanilla Planifolia) Oil- Clove (Eugenia Caryophyllus) Oil- Orange (Citrus Aurantium Dulcis) Peel Oil- Petitgrain (Citrus Reticulata) Oil- Amyris (Amyris Balsamifera) Oil- Benzoin Siam Absolute- Tocopherol- Retinyl Palmitate- Neopentyl Glycol Dicaprylate/Dicaprate- Tridecyl Stearate- Aniba Rosaeodora Wood Oil- Orange (Citrus Aurantium Dulcis) Peel Oil- Orange (Citrus Aurantium Dulcis) Peel Oil- Lemon (Citrus Medica Limonum) Peel Oil- Eucalyptus Globulus Oil- Rosemary (Rosmarinus Officinalis ) Leaf Oil- Petitgrain (Citrus Reticulata) Oil- Bois De Rose (Aniba Rosaeodora) Oil- Cedar (Thuja Occidentalis) Leaf Oil- Tridecyl Trimellitate- Ceramide-3- Sphingolipids- Tocopheryl Linoleate- Ylang Ylang (Cananga Odorata) Oil- Lithospermum Officinale Root Extract- Borage (Borago Officinalis) Seed Oil- Cherry (Prunus Avium) Pit Oil- Evening Primrose Oil- Green Tea (Camellia Sinensis) Oil- Hazelnut (Corylus Americana) Oil- Jojoba (Simmondsia Chinensis) Oil- Kukui (Aleurites Moluccana) Nut Oil- Olive (Olea Europaea) Oil- Rose Hips Seed Oil- Sweet Almond (Prunus Amygdalus Dulcis) Oil- Peg-8- Rose Geranium (Pelargonium Roseum) Oil- Ascorbyl Palmitate- Ascorbic Acid- Citric Acid.,sephora,,,,https://www.sephora.com/product/n-28-primer-serum-P309504?icid2=products grid:p309504,,sephora/open-dataset
Hourglass,Veil Mineral Primer,matte,"[""normal"", ""misto""]",$50-$54,Cyclopentasiloxane- Isododecane- Polysilicone-11- Zinc Oxide- Polymethylsilsesquioxane- Titanium Dioxide- Peg-10 Dimethicone- Hexyl Laurate- Polyglyceryl-4 Isostearate- Stearic Acid- Alumina.,sephora,,,,https://www.sephora.com/product/veil-mineral-primer-P210575?icid2=products grid:p210575,,sephora/open-dataset
ILIA,Cucumber Water Stick,natural,"[""normal"", ""misto""]",$40-$44,,,True,,,https://www.sephora.com/product/cucumber-water-stick-P418376?icid2=products grid:p418376,,sephora/open-dataset
ILIA,True Skin Radiant Priming Serum,dewy,"[""seco""]",$50-$54,-Hibiscus Extract: Helps to protect against free radical damage.-Mastic: Helps to mattify the look of skin throughout the day.-Beta-Glucan: Helps to reduce the appearance of fine lines and wrinkles. Aloe Barbadensis Leaf Juice*- Maltose*- Gluconolactone- Glycerin- Caprylyl/Capryl Glucoside- Propanediol- Sodium Benzoate- Caprylic/Capric Triglyceride- Agave Tequilana Leaf Extract*- Xanthan Gum- Chondrus Crispus Extract*- Pistacia Lentiscus (Mastic) Gum*- Hydrogenated Lecithin- Mica*- Calcium Gluconate- Benzyl Alcohol- Ethylhexylglycerin- Lithothamnion Calcareum Extract*- Beta- Glucan*- Caprylyl Glycol- 1-2-Hexanediol- Citric Acid- Sodium Hydroxide- Benzoic Acid- Phenethyl Alcohol- Dehydroacetic Acid- Hibiscus Sabdariffa Flower Extract*- Potassium Sorbate- Titanium Dioxide (Ci 77891)*. Clean at Sephora products are formulated without: Sulfates—SLS + SLES- Parabens- Formaldehydes- Formaldehyde-releasing agents- Phthalates- Mineral Oil- Retinyl Palmitate- Oxybenzone- Coal Tar- Hydroquinone- Triclosan- Triclocarban- Undisclosed synthetic fragrances (Products can be formulated with disclosed synthetic fragrances that meet the following two criteria: (1) the synthetic fragrances do not include any of the ingredients listed in numbers 1 through 12 above and (2) the synthetic fragrances are at a concentration below 1% of the total formula) The following type of acrylates: (ethyl acrylate- ethyl methacrylate- methyl methacrylate- butyl methacrylate- hydroxypropyl methacrylate- tetrahydrofurfuryl methacrylate- trimethylolpropane trimethacrylate - aluminum salts)- Animal Oils/Musks/Fats- Benzophenone + Related Compounds- Butoxyethanol- Carbon Black- Lead/Lead Acetate- Methyl Cellosolve + Methoxyethanol- Methylchloroisothiazolinone & Methylisothiazolinone- Mercury + Mercury Compounds (Thimerisol)- Insoluble Plastic Microbeads (This prohibited ingredient applies to products that are meant to be rinsed off )- Resorcinol- Talc (Talc that is free of any asbestos can be used in the formulation provided that Brand conducts testing to ensure that talc is free of any asbestos.)- Toluene- Butylated hydroxyanisole (BHA)- Butylated hydroxytoluene (BHT) that is 0.1% or more of total formula- Ethanolamines DEA/TEA/MEA/ETA- Nanoparticles as defined by the European Commission- Petrolatum and Parrafin that is not USP grade- Phenoxyethanol that is 1% or more of total formulation- Polyacrylamide & Acrylamide- The following types of Styrene (Bromostyrene- Deastyrene/acrylates/dvbcopolymer- sodium styrene/divinylbenzene copolymer - styrene oxide- styrene)- 1-4 Dioxane in final formulas must comply with the thresholds as follows: (10 or < ppm for products that are meant to be rinsed off- wiped off or removed- 3ppm or < for products that are meant to remain on the skin).,sephora,True,,,https://www.sephora.com/product/true-skin-radiant-priming-serum-P441874?icid2=products grid:p441874,,sephora/open-dataset
IT Cosmetics,Your Skin But Better Makeup Primer+,matte,"[""oleoso"", ""misto"", ""seco"", ""sensivel"", ""normal""]",$35-$39,-Glycerin: Known to help skin retain moisture. -Bark Extract: Helps improve the overall look of skin quality and texture. -Ginger Root Extract: Known for its smoothing properties. Water- Glycerin- Dimethicone- Propanediol- Hydroxyethylpiperazine Ethane Sulfonic Acid- Dimethicone/Peg-10/15 Crosspolymer- Nylon-12- Pentylene Glycol- Polymethylsilsesquioxane- Phenoxyethanol- Sodium Chloride- Silica Silylate- Chlorphenesin- Butylene Glycol- Sodium Citrate- P-Anisic Acid- Biosaccharide Gum-1- Carrageenan- Disodium Edta- Peg-10 Dimethicone- Sodium Hydroxide- Adenosine- Dipropylene Glycol- Synthetic Fluorphlogopite- Ci 77891/Titanium Dioxide- Ginger Root Extract- Sanguisorba Officinalis Root Extract- Cinnamomum Cassia Bark Extract- Tocopherol- Ci 77491/Iron Oxides- Ci 14700/Red 4- Tin Oxide.,sephora,,,,https://www.sephora.com/product/it-cosmetics-your-skin-but-better-makeup-primer-P443586?icid2=products grid:p443586,,sephora/open-dataset
Josie Maran,Surreal Skin Argan Finishing Balm,dewy,"[""oleoso"", ""misto"", ""seco"", ""sensivel"", ""normal""]",$35-$39,-100% Pure Argan Oil: Hydrates and nourishes skin. -Shea Butter: Smooths and conditions skin. -Niacianamide PC (Vitamin B3): Multifunctional antiaging ingredient that boosts skin elasticity- enhances barrier function- and revive skin’s healthy tone and texture. -Caprylyl Methicone: Plumps and smooths skin . Water**- Dimethicone- Caprylyl Methicone- Glycerin- Polymethylsilsesquioxane- Cetearyl Glucoside- Cetearyl Alcohol- Caprylic/Capric Triglyceride- Dimethicne/Vinyl Dimethicone Crosspolymer- Argania Spinosa (Argan) Kernel Oil*- Butyrospermum Parkii (Shea Butter)**- Disodium EDTA- Gluconolactone- Isohexadecane- Lecithin- Niacinamide- Polysorbate 80- Sodium Stearoyl Glutamate- Sodium Acrylates Copolymer- Sodium Benzoate- Sodium Acrylate/Acryloyldimethyl Taurate Copolymer- Titanium Dioxide- Mica. *Organic. **Natural.,sephora,,,,https://www.sephora.com/product/surreal-skin-argan-finishing-balm-P410433?icid2=products grid:p410433,,sephora/open-dataset
KVD Vegan Beauty,Lock-It Hydrating Primer,hydrating,"[""oleoso"", ""misto"", ""seco"", ""sensivel"", ""normal""]",$30-$34,Water- Shea Butter Ethyl Esters- Jojoba Esters- Isododecane- Hydrogenated Polydecene- Glycerin- Potassium Cetyl Phosphate- Polyurethane-34- Vp/Eicosene Copolymer- Phenoxyethanol- Cetyl Alcohol- Glyceryl Oleate Citrate- Caprylyl Glycol- Acrylates/C10-30 Alkyl Acrylate Crosspolymer- Ethylhexylglycerin- Hexylene Glycol- Dimethicone- Aloe Barbadensis Leaf Juice- Tocopheryl Acetate- Caprylic/Capric Triglyceride- Tropaeolum Majus Flower/Leaf/Stem Extract- Aminomethyl Propanol- Disodium Edta- Panthenol- Tocopherol- Pantolactone- Citric Acid- 3-Aminopropanol.,sephora,,,,https://www.sephora.com/product/lock-it-featherweight-primer-P392437?icid2=products grid:p392437,,sephora/open-dataset
Kaja,Dream Puff Radiant Mousse Primer,dewy,"[""normal"", ""misto""]",$25-$29,Water- Isononyl Isononanoate- Triethylhexanoin- Butylene Glycol- Pentylene Glycol- Mica (Ci 77019)- Caprylic/Capric Triglyceride- Titanium Dioxide (Ci 77891)- Synthetic Fluorphlogopite- Polymethylsilsesquioxane- Palmitic Acid- Cetearyl Alcohol- Stearic Acid- Tromethamine- Iron Oxides (Ci 77491)- Glyceryl Stearate- Phenoxyethanol- Polysorbate 60- Caprylyl Glycol- Magnesium Aluminum Silicate- Peg-100 Stearate- Dimethicone- Sorbitan Sesquioleate- Fragrance (Parfum)- Xanthan Gum- Myristic Acid- Disodium Edta- Betaine- Sodium Hyaluronate- Arachidic Acid- Lauric Acid- Oleic Acid- Althaea Officinalis (Marshmallow) Root Extract.,sephora,False,,,https://www.sephora.com/product/dream-puff-radiant-mousse-primer-P442950?icid2=products grid:p442950,,sephora/open-dataset
LANCER Skincare,Studio Filter™ Pore Perfecting Primer,matte,"[""oleoso"", ""misto"", ""seco"", ""sensivel"", ""normal""]",$55-$59,-Porifin Complex: Helps minimize the appearance of pores and improve the look of skin texture while helping to manage oil and shine. -Acmella Oleracea: An exotic botanical native to South America- helps to reduce the appearance of lines and wrinkles leading to smoother-looking skin -Amino Acid Compound: Hydrates for a soft and smooth finish; features a high molecular weight (2600kDa). Water- Dimethicone- Dimethicone/Divinyldimethicone/Silsesquioxane Crosspolymer- Polysilicone-11- Synthetic Fluorphlogopite- Alcohol- Propanediol- Polysorbate 20- Isopentyldiol- Nylon-12- Silica- Glycerine- PEG-10 Dimethicone- Trifolium Pratense (Clover) Flower Extract- Acmella Oleracea Extract- Polyglutamic Acid- Polymethylsilsesquioxane- HDI/Trimethylol Hexyllactone Crosspolymer- Polysorbate 40- Isohexadecane- Ammonium Polyacryloyldimethyl Taurate- Ethylhexylglycerin- Tocopherol- Tocopheryl Acetate- Sodium Acrylates Copolymer- Lecithin- Disodium Carboxyethyl Siliconate- Carbomer- Talc- Disodium EDTA- Aminomethyl Propanol- Phenoxyethanol- Iron Oxides (CI 77491- CI 77492- CI 77499).,sephora,,,,https://www.sephora.com/product/studio-filter-tm-pore-perfecting-primer-P425437?icid2=products grid:p425437,,sephora/open-dataset
LANEIGE,Glowy Makeup Serum,hydrating,"[""oleoso"", ""misto"", ""seco"", ""normal""]",$30-$34,-Diamond Mineral Powder: Creates a visibly translucent glow and smooths skin’s appearance. -Light Fit Prep Technology: Helps makeup last longer. -Ceramide Hydration Gel: Delivers and locks in moisture for an oil-water balance. Water / Aqua / Eau- Glycerin- Peg/Ppg-17/6 Copolymer- Diglycerin- Methyl Gluceth-20- Propanediol- Dimethicone- 1-2-Hexanediol- Betaine- Undecane- Acrylates/C10-30 Alkylacrylate Crosspolymer- Tromethamine- Caprylylmethicone- Tridecane- Saccharide Hydrolysate- Fructooligosaccharides- Silica Dimethyl Silylate- Mica- Xanthan Gum- C30-45 Alkyl Cetearyl Dimethicone Crosspolymer- Pullulan- Titanium Dioxide (Ci77891)- Eclipta Prostrata Extract- Olea Europaea (Olive) Fruit Oil- Lauryl Dimethicone- Synthetic Fluorphlogopite- Melia Azadirachta Leaf Extract- Carmine (Ci75470)- Diamond Powder- Caesalpinia Spinosa Fruit Extract- Melia Azadirachta Flower Extract- Moringa Oleifera Seed Oil- Butylene Glycol- Coccinia Indica Fruit Extract- Kappaphycus Alvarezii Extract- Tocopherol- Tin Oxide- Aloe Barbadensis- Flower Extract- Solanum Melongena (Eggplant) Fruit Extract- Caprylic/Capric Triglyceeride- Simmondsia Chinensis (Jojoba) Seed Oil- Phosphatidylcholine- Corallina Officinalis Extract- Ocimum Sanctum Leaf Extract- Curcuma Longa (Turmeric) Root Extract- Ceramide Np- Glycine Serine- Glutamic Acid- Lysine- Alanine- Proline- Threonine.,sephora,,,,https://www.sephora.com/product/laneige-glowy-makeup-serum-face-primer-P457508?icid2=products grid:p457508,,sephora/open-dataset
Lancôme,Blur & Go Stick,matte,"[""oleoso""]",$35-$39,-Perlite: Minimizes the appearance of pores and wrinkles.-Shine-Defying Fillers: Absorb oil and improve makeup wear.-Airlicium: Controls shine. Dimethicone- Cyclohexasiloxane- Dimethicone/Vinyl Dimethicone Crosspolymer- Ozokerite- Trimethylsiloxysilicate- Silica- Titanium Dioxide- C20-40 Alkyl Stearate- Silica Silylate- Perlite- Laureth-4.,sephora,,,,https://www.sephora.com/product/blur-go-stick-P433570?icid2=products grid:p433570,,sephora/open-dataset
Lancôme,LA BASE PRO Perfecting Makeup Primer,natural,"[""seco""]",$40-$44,Cyclopentasiloxane- Dimethicone Crosspolymer.,sephora,,,,https://www.sephora.com/product/la-base-pro-perfecting-makeup-primer-P219008?icid2=products grid:p219008,,sephora/open-dataset
Lancôme,Prep & Matte Primer,hydrating,"[""oleoso"", ""seco""]",$35-$39,-Salicyclic Acid.-Synthetic Fluorphlogopite: Minimizes the appearance pores- and improves foundation wear.-Glycerin and Glucols: Leave the skin feeling hydrated.-Airlicium: Absorbs oil to reduce shine for flawless- matte results. Water- Alcohol Denat.- Synthetic Fluorphlogopite- Glycerin- Butylene Glycol- BIS-PEG-18 Methyl Ether Dimethyl Silane- Dimethicone- PEG/PPG/Polybutylene Glycol-8/5/3 Glycerin- Boron Nitride- Isopropyl Lauroyl Sarcosinate- Hydroxyethylpiperazine Ethane Sulfonic Acid- Silica Silylate- Tin Oxide- PEG-20 Methyl Glucose Sesquistearate- PPG-6-Decyltetradeceth-30- Triethanolamine- Dimethiconol- Sodium Citrate- Sodium Polyacrylate- Adenosine- Ammonium Polyacryloyldimethyl Taurate- Disodium EDTA- Capryloyl Salicylic Acid- Xanthan Gum- BHT- Tocopherol- Salicylic Acid- Phenoxyethanol- Titanium Dioxide (Ci 77891)- Mica- Fragrance.,sephora,False,,,https://www.sephora.com/product/prep-matte-primer-P433571?icid2=products grid:p433571,,sephora/open-dataset
Laura Mercier,Pure Canvas Primer - Blurring,matte,"[""oleoso""]",$35-$39,-Microalgae: Conditions skin over time for improved look and texture.-Blurring Powders: Provides a mattifying effect while optically blurring the appearance of pores and lines by diffusing light.-Glycerin: Attracts moisture to the skin so skin feels comfortable all day.Water/Aqua/Eau- Methyl Methacrylate Crosspolymer- Butylene Glycol- Glycerin- Propanediol- Triethylhexanoin- Isopropyl Myristate- Synthetic Wax- Phenoxyethanol- Squalane- Plankton Extract- Ammonium Acryloyldimethyltaurate/Vp Copolymer- Hydroxyethyl Acrylate/Sodium Acryloyldimethyl Taurate Copolymer- Silica- Polyvinyl Alcohol- Bht- Acrylates/C10-30 Alkyl Acrylate Crosspolymer- Polysorbate 60- Potassium Hydroxide. May Contain/Peut Contenir/(+/-): Iron Oxides (Ci 77491)- Iron Oxides (Ci 77492).,sephora,,,,https://www.sephora.com/product/laura-mercier-pure-canvas-primer-blurring-floutant-P454941?icid2=products grid:p454941,,sephora/open-dataset
Laura Mercier,Pure Canvas Primer - Hydrating,hydrating,"[""seco""]",$35-$39,-Olive Extract: Smooths the look of skin while locking in hydration.-Marine Hydra Botanicals: Nurtures the skin and promotes long-term moisture recovery.-Glycerin: Attracts moisture to the skin so skin feels comfortable all day.Water/Aqua/Eau- Glycerin- Butylene Glycol- Neopentyl Glycol Diheptanoate- Ethylhexyl Olivate- Isododecane- Peg-8/Smdi Copolymer- Squalane- Caprylyl Glycol- Polyurethane-35- Sorbeth-30 Tetraisostearate- Ammonium Acryloyldimethyltaurate/Vp Copolymer- Dipropylene Glycol- Sorbitan Sesquiisostearate- Acrylates/Beheneth-25 Methacrylate Copolymer- Xanthan Gum- Ppg-8-Ceteth-20- Glyceryl Acrylate/Acrylic Acid Copolymer- Potassium Hydroxide- Methylpropanediol- Trisodium Edta- Sodium Citrate- Sodium Carrageenan- Citric Acid- Mica- Phenylpropanol- Sea Salt/Maris Sal/Sel Marin- Phenoxyethanol. May Contain/ Peut Contenir/(+/-): Iron Oxides (Ci 77491).,sephora,,,,https://www.sephora.com/product/laura-mercier-pure-canvas-primer-hydrating-hydratant-P454942?icid2=products grid:p454942,,sephora/open-dataset
Laura Mercier,Pure Canvas Primer - Illuminating,dewy,"[""normal"", ""misto""]",$35-$39,-Micronized Pearls: Brightens and nurtures the complexion- giving skin a luminous glow.-Porcelain Flower Extract: Supports long-term radiance.-Light-Reflecting Complex: Create a smoothing effect on skin- diminishing the look of imperfections.Water/Aqua/Eau- Hydrogenated Didecene- Glycerin- Pvp- Peg-6 Stearate- Mica- Ricinus Communis (Castor) Seed Oil- Sorbitan Stearate- Caprylic/Capric Triglyceride- Cetyl Alcohol- Simmondsia Chinensis (Jojoba) Seed Oil- Hoya Lacunosa Flower Extract- Plankton Extract- Hydroxyethyl Acrylate/ Sodium Acryloyldimethyl Taurate Copolymer- Ceteth-20- 1-2-Hexanediol- Squalane- Boron Nitride- Caprylyl Glycol- Glyceryl Stearate- Steareth-20- Tocopheryl Acetate- Polysorbate 60- Tin Oxide- Ascorbyl Palmitate- Tropolone- Butylene Glycol- Phenoxyethanol. May Contain/Peut Contenir/(+/-): Iron Oxides (Ci 77491)- Titanium Dioxide (Ci 77891).,sephora,,,,https://www.sephora.com/product/laura-mercier-pure-canvas-primer-illuminating-lumineux-P454943?icid2=products grid:p454943,,sephora/open-dataset
Laura Mercier,Pure Canvas Primer - Perfecting,natural,"[""normal"", ""misto""]",$35-$39,-Vitamin C: Visibly brightens and evens skin tone.-Green Tea Extract: Diminishes the appearance of fine lines and wrinkles.-Aloe Vera Gel: Calms and soothes the skin.Water/Aqua/Eau- Tridecyl Neopentanoate- Cetyl Alcohol- Glycine Soja (Soybean) Oil- Aloe Barbadensis Leaf Juice- Vitis Vinifera (Grape) Fruit Extract- Citrus Aurantium Dulcis (Orange) Peel Extract- Mel Extract/Honey Extract/ Extrait De Miel- Actinidia Chinensis (Kiwi) Fruit Extract- Rose Extract- Pelargonium Graveolens Extract- Camellia Sinensis Leaf Extract- Rubus Idaeus (Raspberry) Fruit Extract- Glycerin- Ascorbyl Palmitate- Allantoin- Tocopherol- Glyceryl Stearate- Caprylyl Glycol- Lanolin- Stearic Acid- Triethanolamine- Carbomer- Polymethyl Methacrylate- Butylene Glycol- Citric Acid- Sodium Sulfite- Linalool- Geraniol- Limonene- Phenoxyethanol- Sodium Benzoate- Potassium Sorbate. May Contain/Peut Contenir/(+/-): Red 4 (Ci 14700)- Yellow 5 (Ci 19140).,sephora,False,,,https://www.sephora.com/product/laura-mercier-pure-canvas-primer-perfecting-perfecteur-P454944?icid2=products grid:p454944,,sephora/open-dataset
Laura Mercier,Pure Canvas Primer - Protecting Broad Spectrum SPF 30,natural,"[""normal"", ""misto""]",$35-$39,-Broad Spectrum UVA/UVB SPF 30 PA+++: Protects skin with SPF. -Vitamin C and E Blend: Acts as a powerful antioxidant known to improve the appearance of skin over time.Avobenzone 3.0%- Octinoxate 7.29%- Octocrylene 3.0%- Oxybenzone 2.0%- Water- Glycerin- Isohexadecane- Sodium Acrylate/Sodium Acryloyldimethyl Taurate Copolymer- Xanthan Gum- Polysorbate 80- Ethylhexylglycerin- Tocopherol- Disodium Edta- Peg-8- Bht- Ascorbyl Palmitate- Citric Acid- Ascorbic Acid- Phenoxyethanol.May Contain: Red 6- Yellow 5.,sephora,,,,https://www.sephora.com/product/laura-mercier-pure-canvas-primer-protecting-broad-spectrum-spf-30-P454945?icid2=products grid:p454945,,sephora/open-dataset
Laura Mercier,Pure Canvas Primer Mini - Blurring,matte,"[""oleoso""]",$20-$24,-Microalgae: Conditions skin over time for improved look and texture.-Blurring Powders: Provides a mattifying effect while optically blurring the appearance of pores and lines by diffusing light.-Glycerin: Attracts moisture to the skin so skin feels comfortable all day.Water/Aqua/Eau- Methyl Methacrylate Crosspolymer- Butylene Glycol- Glycerin- Propanediol- Triethylhexanoin- Isopropyl Myristate- Synthetic Wax- Phenoxyethanol- Squalane- Plankton Extract- Ammonium Acryloyldimethyltaurate/Vp Copolymer- Hydroxyethyl Acrylate/Sodium Acryloyldimethyl Taurate Copolymer- Silica- Polyvinyl Alcohol- Bht- Acrylates/C10-30 Alkyl Acrylate Crosspolymer- Polysorbate 60- Potassium Hydroxide. May Contain/Peut Contenir/(+/-): Iron Oxides (Ci 77491)- Iron Oxides (Ci 77492).,sephora,,,,https://www.sephora.com/product/laura-mercier-pure-canvas-primer-mini-blurring-floutant-P454946?icid2=products grid:p454946,,sephora/open-dataset
Laura Mercier,Pure Canvas Primer Mini - Hydrating,hydrating,"[""seco""]",$20-$24,-Olive Extract: Smooths the look of skin while locking in hydration.-Marine Hydra Botanicals: Nurtures the skin and promotes long-term moisture recovery.-Glycerin: Attracts moisture to the skin so skin feels comfortable all day.Water/Aqua/Eau- Glycerin- Butylene Glycol- Neopentyl Glycol Diheptanoate- Ethylhexyl Olivate- Isododecane- Peg-8/Smdi Copolymer- Squalane- Caprylyl Glycol- Polyurethane-35- Sorbeth-30 Tetraisostearate- Ammonium Acryloyldimethyltaurate/Vp Copolymer- Dipropylene Glycol- Sorbitan Sesquiisostearate- Acrylates/Beheneth-25 Methacrylate Copolymer- Xanthan Gum- Ppg-8-Ceteth-20- Glyceryl Acrylate/Acrylic Acid Copolymer- Potassium Hydroxide- Methylpropanediol- Trisodium Edta- Sodium Citrate- Sodium Carrageenan- Citric Acid- Mica- Phenylpropanol- Sea Salt/Maris Sal/Sel Marin- Phenoxyethanol. May Contain/ Peut Contenir/(+/-): Iron Oxides (Ci 77491).,sephora,,,,https://www.sephora.com/product/laura-mercier-pure-canvas-primer-mini-hydrating-hydratant-P453906?icid2=products grid:p453906,,sephora/open-dataset
MAKE UP FOR EVER,Step 1 Skin Equalizer - Mattifying Primer,matte,"[""oleoso"", ""misto""]",$35-$39,Water- Magnesium Aluminum Silicate- Pentylene Glycol- Ethylhexylglycerin- Fragrance- Lactic Acid- Benzyl Benzoate- Butylene Glycol- Benzyl Salicylate- Avena Sativa (Oat) Kernel Extract- Cichorium Intybus (Chicory) Root Extract- Limonene- Sanguisorba Officinalis Root Extract- Phenoxyethanol- Sodium Hyaluronate- Bht- Tocopherol- Cinnamomum Cassia Bark Extract- Zingiber Officinale (Ginger) Root Extract.,sephora,False,,,https://www.sephora.com/product/step-1-skin-equalizer-primer-P393965?icid2=products grid:p393965,,sephora/open-dataset
MAKE UP FOR EVER,Step 1 Skin Equalizer Primers - Radiant,dewy,"[""oleoso"", ""misto"", ""seco"", ""normal""]",$35-$39,-Hyaluronic Acid: Hydrates and firms. -Spectraflex Pigments: Neutralizes imperfection and banishes dullness. Aqua (Water)- Methyl Trimethicone - Phenyl Trimethicone - Alcohol - Silica - Butylene Glycol- Isododecane - Alumina - Cetyl Peg/Ppg-10/1 Dimethicone- Glycerin- Mica - Phenoxyethanol - Acrylates/Dimethicone Copolymer- Aluminum Hydroxide - Disteardimonium Hectorite - Dimethicone- Parfum (Fragrance)- Peg-10 Dimethicone- Silica Silylate- Hydroxyethylcellulose- Lecithin- Sodium Hyaluronate- Propylene Carbonate- Benzyl Benzoate- Cichorium Intybus (Chicory) Root Extract- Sodium Myristoyl Glutamate - Benzyl Salicylate- Tin Oxide- Bht- Avena Sativa (Oat) Kernel Extract - Ethylhexylglycerin- Limonene- Tocopherol- Pentaerythrityl Tetra-Di-T-Butyl Hydroxyhydrocinnamate - [+/- : Ci 77007 (Ultramarines)- Ci 77491- Ci 77492- Ci 77499 (Iron Oxides)- Ci 77891 (Titanium Dioxide).,sephora,False,,,https://www.sephora.com/product/make-up-for-ever-step-1-skin-equalizer-primers-radiant-P454729?icid2=products grid:p454729,,sephora/open-dataset
MAKE UP FOR EVER,Step 1 Skin Equalizer Primers - Texture & Redness Correcting,hydrating,"[""oleoso"", ""misto"", ""seco"", ""normal""]",$15-$19,Methyl Methacrylate Crosspolymer- Dimethicone- Cyclopentasiloxane- Diphenylsiloxy Phenyl Trimethicone- Dimethicone/Vinyl Dimethicone Crosspolymer- Trimethylsiloxysilicate- Titanium Dioxide- Phenoxyethanol- Silica Silylate- Parfum (Fragrance)- Aqua (Water)- Ci 77492 (Iron Oxides)- Magnesium Carbonate- Polymethylsilsesquioxane- Sodium Hyaluronate- Aluminum Hydroxide- Benzyl Benzoate- Tocopherol- Ci 77491 (Iron Oxides)- Hydrogen Dimethicone- Ci 77499 (Iron Oxides)- Benzyl Salicylate- Avena Sativa (Oat) Kernel Extract- Cichorium Intybus (Chicory) Root Extract- Limonene- Bht- Ethylhexylglycerin .,sephora,False,,,https://www.sephora.com/product/make-up-for-ever-step-1-skin-equalizer-primers-texture-redness-correcting-P454730?icid2=products grid:p454730,,sephora/open-dataset
MAKE UP FOR EVER,Step 1 Skin Equalizer Primers - Texture & Redness Correcting Mini,hydrating,"[""oleoso"", ""misto"", ""seco"", ""normal""]",$15-$19,Methyl Methacrylate Crosspolymer- Dimethicone- Cyclopentasiloxane- Diphenylsiloxy Phenyl Trimethicone- Dimethicone/Vinyl Dimethicone Crosspolymer- Trimethylsiloxysilicate- Titanium Dioxide- Phenoxyethanol- Silica Silylate- Parfum (Fragrance)- Aqua (Water)- Ci 77492 (Iron Oxides)- Magnesium Carbonate- Polymethylsilsesquioxane- Sodium Hyaluronate- Aluminum Hydroxide- Benzyl Benzoate- Tocopherol- Ci 77491 (Iron Oxides)- Hydrogen Dimethicone- Ci 77499 (Iron Oxides)- Benzyl Salicylate- Avena Sativa (Oat) Kernel Extract- Cichorium Intybus (Chicory) Root Extract- Limonene- Bht- Ethylhexylglycerin .,sephora,False,,,https://www.sephora.com/product/make-up-for-ever-step-1-skin-equalizer-primers-texture-redness-correcting-mini-P454731?icid2=products grid:p454731,,sephora/open-dataset
MAKE UP FOR EVER,Ultra HD Skin Booster,hydrating,"[""seco""]",$40-$44,Water- Glycerin- Methylpropanediol- Butylene Glycol- Caprylic/Capric Glycerides Polyglyceryl-10 Esters- Pentylene Glycol- Xanthan Gum- Mannitol- Sclerotium Gum- Phenoxyethanol- Glyceryl Caprylate- Argania Spinosa Kernel Extract- Chlorphenesin- Panthenol- Sodium Cocoyl Glutamate- Fragrance- Biosaccharide Gum-1- Sodium Hyaluronate- Benzyl Benzoate- Carbomer- Benzyl Salicylate- Acetyl Tetrapeptide-9- Bht- Tocopherol.,sephora,False,,,https://www.sephora.com/product/ultra-hd-skin-booster-P417174?icid2=products grid:p417174,,sephora/open-dataset
MILK MAKEUP,Blur Stick,matte,"[""oleoso"", ""seco"", ""normal""]",$35-$39,Cetearyl 2-Ethylhexanoate- Hydrogenated Polyisobutene- Polymethyl Methacrylate- Silica- Polyethylene- Hydroxystearic Acid- C12-15 Alkyl Benzoate- Octyldodecanol- Stearalkonium Hectorite- Propylene Carbonate- Fragrance- Limonene- Linalool May Contain: Titanium Dioxide- Iron Oxides.,sephora,False,,,https://www.sephora.com/product/blur-stick-P416524?icid2=products grid:p416524,,sephora/open-dataset
MILK MAKEUP,Hydro Grip Primer,hydrating,"[""seco""]",$30-$34,-Hemp-Derived Cannabis Seed Extract: Hydrates and smooths the look of skin- while providing antioxidant benefits.-Blue Agave Extract: Forms an invisible layer to grip makeup- smooth the look of texture- and seal in moisture.-Prickly Pear Cactus Extract and Aloe Water: Hydrates- soothes- and calms skin. Aloe Barbadensis Leaf Water- Water- Glycerin- PEG-150 Distearate- Alcohol Denat.- Polyglyceryl-10 Eicosanedioate/Tetradecanedioate- Diglycerin- PVP- Benzyl Alcohol- Sorbitol- Pullulan- Inositol- Betaine- Carbomer- Maltose- Xylitol- Sodium Hydroxide- Sodium Benzoate- Potassium Sorbate- Sodium Phytate- Benzophenone-4- Dehydroacetic Acid- Phenoxyethanol- Agave Tequilana Stem Extract- Sodium Hyaluronate- Niacinamide- Propylene Glycol- Panthenol- Vegetable Amino Acids- Cannabis Sativa (Hemp) Seed Extract- Opuntia Ficus-Indica Flower Extract- Prunus Avium Flower Extract- Citric Acid- Benzoic Acid- Yellow 5 (Ci 19140)- Blue 1 (Ci 42090)- Red 33 (Ci 17200). Milk Makeup's ingredient lists may change over time as we continue to evolve to ensure the cleanest possible formulas and the most epic payoff. Please check the ingredient list on your product packaging for the most up-to-date formulation.,sephora,,,,https://www.sephora.com/product/hydro-grip-primer-P441813?icid2=products grid:p441813,,sephora/open-dataset
MILK MAKEUP,Luminous Blur Stick Primer,dewy,"[""oleoso"", ""seco"", ""normal""]",$35-$39,-Blurring Microspheres: Absorb oil to mattify skin. Cetearyl Ethylhexanoate- Hydrogenated Polyisobutene- Polymethyl Methacrylate- Polyethylene- C12-15 Alkyl Benzoate- Hydroxystearic Acid- Silica- Stearalkonium Hectorite- Synthetic Fluorphlogopite- Propylene Carbonate- Octyldodecanol- Tin oxide- Fragrance. May Contain (+/-): Mica (Ci 77019)- Titanium Dioxide (Ci 77891)- Iron Oxides (Ci 77491- Ci77492- Ci 77499).,sephora,False,,,https://www.sephora.com/product/luminous-blur-stick-P428235?icid2=products grid:p428235,,sephora/open-dataset
Marc Jacobs Beauty,Under(cover) Blurring Coconut Face Primer,matte,"[""seco""]",$35-$39,Dimethicone- Dimethicone Crosspolymer- Butyloctyl Salicylate- Glycereth-6 Tricocoate- Silica- Isodecyl Isononanoate- Polymethyl Methacrylate- Vp/Hexadecene Copolymer- Dimethicone/Vinyl Dimethicone Crosspolymer- Tocopheryl Acetate- Fragrance- Coconut Alkanes- Glycerin- Cocos Nucifera (Coconut) Water- Water- Linalool- Coco-Caprylate/Caprate- Cocos Nucifera (Coconut) Fruit Juice- Cocos Nucifera (Coconut) Fruit Extract- Potassium Sorbate- Sodium Benzoate.,sephora,False,,,https://www.sephora.com/product/under-cover-blurring-coconut-face-primer-P445426?icid2=products grid:p445426,,sephora/open-dataset
Marc Jacobs Beauty,Under(cover) Perfecting Coconut Face Primer,hydrating,"[""seco"", ""normal""]",$45-$49,-Coconut: Infused with vitamin-rich extracts to prime and smooth skin. Water- C14-22 Alkane- Dicaprylyl Ether- Butylene Glycol- Coconut Alkanes- Polysilicone-11- Polyglyceryl-10 Mono/Dioleate- Polyglyceryl-3 Oleate- Dimethicone/Vinyl Dimethicone Crosspolymer- Glycerin- Cyclopentosilaxone- Cocos Nucifera (Coconut) Water- Glyceryl Caprylate- Dimethicone- Squalane- Glycine Soja (Soybean) Sterols- Cetyl Hydroxyethylcellulose- Glyceryl Undecylenate- Lecithin- Laureth-12- Gellan Gum- Cocos Nucifera (Coconut) Fruit Juice- Fragrance- Phenoxyethanol- Citric Acid- Potassium Sorbate- Ethylhexylglycerin- Hydrated Silica- Disodium Phosphate- Silica Dimethyl Silylate- Sodium Phosphate- Tocopherol- Linalool.,sephora,False,,,https://www.sephora.com/product/under-cover-perfecting-coconut-face-primer-P397671?icid2=products grid:p397671,,sephora/open-dataset
NARS,Radiance Primer Broad Spectrum SPF 35 Sunscreen,dewy,"[""normal"", ""misto""]",$35-$39,Water- Caprylyl Methicone- Dipropylene Glycol- Propanediol- Dimethicone- Butyloctyl Salicylate- Lactobacillus Ferment- Isododecane- Ammonium Acryloyldimethyltaurate/Vp Copolymer- Trisiloxane- Polysorbate 60- Trimethylsiloxysilicate- Dextrin Palmitate- Phenoxyethanol- C14-22 Alcohols- Hydroxyethyl Acrylate/Sodium Acryloyldimethyl Taurate Copolymer- Hydrolyzed Wheat Protein/Pvp Crosspolymer- Panthenol- Fragrance- Evodia Rutaecarpa Fruit Extract- Dibutyl Ethylhexanoyl Glutamide- Dibutyl Lauroyl Glutamide- Disodium Edta- C12-20 Alkyl Glucoside- Dipotassium Glycyrrhizate- Tocopheryl Acetate- Sodium Hyaluronate- Butylene Glycol- Pentylene Glycol- Tin Oxide- Potassium Sorbate- Hydroxyphenyl Propamidobenzoic Acid- Ethylhexylglycerin- Ascorbyl Palmitate- Mica- Red 4- Yellow 5.,sephora,False,,,https://www.sephora.com/product/radiance-primer-broad-spectrum-spf-35-sunscreen-P415965?icid2=products grid:p415965,,sephora/open-dataset
Natasha Denona,Face Glow Primer Hydrating Underbase,hydrating,"[""seco"", ""normal""]",$35-$39,-Active Compounds: Blended with particular silicones- they provide the skin with nutrients- while giving a smooth- conditioning- hydrated- and long-lasting effect. Water- Cyclopentasiloxane- Bis-Diglyceryl Polyacyladipate-1- PPG-2 Myristyl Ether Propionate- Butylene Glycol- Hydrogenated Polyisobutene- Butyrospermum Parkii [Butyrospermum Parkii (Shea Butter)]- Cetyl Alcohol- Glyceryl Stearate- PEG-40 Stearate- Sorbitan Stearate- Prunus Armeniaca Kernel Oil [Prunus Armeniaca (Apricot) Kernel Oil]- Vitis Vinifera Seed Oil [Vitis Vinifera (Grape) Seed Oil]- Carbomer- Cyclomethicone- Dimethicone Crosspolymer- Phenoxyethanol- Tetrasodium EDTA- Propylene Glycol- Parfum [Fragrance]- Tocopheryl Acetate- Methylpropanediol- Sodium Hyaluronate- Chlorphenesin- Potassium Sorbate- Sodium Hydroxide.,sephora,False,,,https://www.sephora.com/product/face-glow-primer-hydrating-underbase-P411828?icid2=products grid:p411828,,sephora/open-dataset
Natasha Denona,Lifting Primer Anti-Aging Serum,hydrating,"[""misto"", ""seco"", ""normal""]",$60-$64,-Mineral Talc: Provides a comfortable application- leaving the skin with a smooth finish. Water- Glycerin- Butylene Glycol- Sorbitan Stearate- Stearic Acid- Acacia Senegal Gum- Dimethicone- Cyclopentasiloxane- Cetyl Alcohol- Caprylyl Glycol- Dimethicone/Vinyl Dimethicone Crosspolymer- Hydrolyzed Rhizobian Gum- Triethanolamine- Sodium Hyaluronate- Phenoxyethanol- Peg/ppg-18/18 Dimethicone- Ethylhexylglycerin- Fragrance- Hexylene- Glycol- Methylisothiazolinone.,sephora,False,,,https://www.sephora.com/product/lifting-primer-anti-aging-serum-P411824?icid2=products grid:p411824,,sephora/open-dataset
Natasha Denona,Magic Primer Anti-Shine Flawless Face Base,dewy,"[""oleoso"", ""misto""]",$55-$59,-Dimethicone: Creates a soft- even finish while nourishing and conditioning the skin. Aqua- Adipic Acid/Neopentyl Glycol Crosspolymer- Dimethicone- Cyclopentasiloxane- Glycerin- Sodium Acrylate/sodium Acryloyldimethyl Taurate Copolymer- Isododecane- Vp/Va Copolymer- Isohexadecane- Polysilicone-11- Caprylyl Glycol- Caprylic/Capric Triglyceride- Amodimethicone- Hydroxypropyl Methylcellulose- Polysorbate 80- Fragrance- Hexylene Glycol- Methylisothiazolinone- Tocopherol- Propyl Gallate- Citric Acid.,sephora,False,,,https://www.sephora.com/product/magic-primer-anti-shine-flawless-face-base-P411825?icid2=products grid:p411825,,sephora/open-dataset
OLEHENRIKSEN,Banana Bright Face Primer,dewy,"[""oleoso"", ""misto"", ""seco"", ""normal""]",$35-$39,Water- Squalane- Dimethicone- Cetearyl Alcohol- Glycerin- Caprylic/Capric Triglyceride- Isododecane- Polymethylsilsesquioxane- Mica- Coconut Alkanes- Titanium Dioxide (Ci 77891)- Sclerocarya Birrea Seed Oil- Dilinoleic Acid/Propanediol Copolymer- 3-O-Ethyl Ascorbic Acid- Cetearyl Methicone- Silica- Phenoxyethanol- Cetearyl Glucoside- Xylitylglucoside- Dimethicone/Vinyltrimethylsiloxysilicate Crosspolymer- Anhydroxylitol- Microcrystalline Cellulose- Potassium Cetyl Phosphate- Stevioside- Polysilicone-11- Coco-Caprylate/Caprate- Hydroxyethyl Acrylate/Sodium Acryloyldimethyl Taurate Copolymer- Acrylates/C10-30 Alkyl Acrylate Crosspolymer- Xylitol- Tocopherol- Parfum/Fragrance- Potassium Azeloyl Diglycinate- Iron Oxides (Ci 77491)- Dipotassium Glycyrrhizate- Ethylhexylglycerin- Glucose- Xanthan Gum- Sodium Citrate- Citrus Aurantium Dulcis (Orange) Fruit Extract- Citrus Limon (Lemon) Fruit Extract- Hippophae Rhamnoides Extract- Lycium Barbarum Fruit Extract- Rosa Canina Fruit Extract- Sodium Hydroxide- Leuconostoc/Radish Root Ferment Filtrate- Polysorbate 60- Sorbitan Isostearate- Ascorbic Acid- Aroma/Flavor- Sodium Chloride- Citral- Limonene- Linalool.,sephora,False,,,https://www.sephora.com/product/banana-bright-face-primer-P442012?icid2=products grid:p442012,,sephora/open-dataset
Origins,Original Skin™ Pore Perfecting Cooling Primer with Willowherb,dewy,"[""oleoso"", ""seco"", ""normal""]",$30-$34,Water- Dimethyl Ether- Dimethicone- Silica- Glycerin- Alcohol Denat.- Citrus Aurantium Dulcis (Orange) Peel Oil*- Citrus Limon (Lemon) Peel Oil*- Pelargonium Graveolens Flower Oil*- Lavandula Angustifolia (Lavender) Oil*- Amyris Balsamifera Bark Oil*- Citrus Aurantium Bergamia (Bergamot) Fruit Oil*- Eugenia Caryophyllus (Clove) Leaf Oil*- Rosa Damascena Flower Oil*- Eucalyptus Globulus Leaf Oil*- Zingiber Officinale (Ginger) Root Oil*- Mentha Viridis (Spearmint) Leaf Oil*- Limonene- Linalool- Citronellol- Geraniol- Eugenol- Citral- Epilobium Angustifolium Flower/Leaf/Stem Extract- Cistus Incanus Flower/Leaf/Stem Extract- Cucumis Sativus (Cucumber) Fruit Extract- Pyrus Malus (Apple) Fruit Extract- Scutellaria Baicalensis Root Extract- Bambusa Vulgaris (Bamboo) Extract- Pisum Sativum (Pea) Extract- Albizia Julibrissin Bark Extract- Caffeine- Castanea Sativa (Chestnut) Seed Extract- Laminaria Digitata Extract- Arginine- Salicylic Acid- Laminaria Saccharina Extract- Hydrolyzed Jojoba Esters- Sucrose**- Phospholipids- Butylene Glycol- Dimethicone Crosspolymer- Ethylhexylglycerin- Sodium Hyaluronate- Lauryl Peg-9 Polydimethylsiloxyethyl Dimethicone- Dimethicone/Vinyl Dimethicone Crosspolymer- Beeswax/Cera Alba/Cire D'Abeille- Caprylyl Glycol- Acrylates/C10-30 Alkyl Acrylate Crosspolymer- Tocopheryl Acetate- Silica Silylate- Galactoarabinan- Tromethamine- Hexylene Glycol- Sodium Polyacrylate- Glucosamine Hcl- Ammonium Acryloyldimethyltaurate/Vp Copolymer- Disodium Edta- Phenoxyethanol- Mica- Titanium Dioxide (Ci 77891)- Iron Oxides (Ci 77499)- Iron Oxides (Ci 77491)- Iron Oxides (Ci 77492) * Essential Oil** Organic Sucrose (Brown Sugar)Please be aware that ingredient lists may change or vary from time to time.� Please refer to the ingredient list on the product package you receive for the most up to date list of ingredients. Clean at Sephora products are formulated without: Sulfates—SLS + SLES- Parabens- Formaldehydes- Formaldehyde-releasing agents- Phthalates- Mineral Oil- Retinyl Palmitate- Oxybenzone- Coal Tar- Hydroquinone- Triclosan- Triclocarban- Undisclosed synthetic fragrances (Products can be formulated with disclosed synthetic fragrances that meet the following two criteria: (1) the synthetic fragrances do not include any of the ingredients listed in numbers 1 through 12 above and (2) the synthetic fragrances are at a concentration below 1% of the total formula) The following type of acrylates: (ethyl acrylate- ethyl methacrylate- methyl methacrylate- butyl methacrylate- hydroxypropyl methacrylate- tetrahydrofurfuryl methacrylate- trimethylolpropane trimethacrylate - aluminum salts)- Animal Oils/Musks/Fats - Benzophenone + Related Compounds- Butoxyethanol- Carbon Black- Lead/Lead Acetate- Methyl Cellosolve + Methoxyethanol- Methylchloroisothiazolinone & Methylisothiazolinone- Mercury + Mercury Compounds (Thimerisol)- Insoluble Plastic Microbeads (This prohibited ingredient applies to products that are meant to be rinsed off )- Resorcinol- Talc (Talc that is free of any asbestos can be used in the formulation provided that Brand conducts testing to ensure that talc is free of any asbestos.)- Toluene- Butylated hydroxyanisole (BHA)- Butylated hydroxytoluene (BHT) that is 0.1% or more of total formula- Ethanolamines DEA/TEA/MEA/ETA- Nanoparticles As defined by the European Commission- Petrolatum and Parrafin that is not USP grade- Phenoxyethanol that is 1% or more of total formulation- Polyacrylamide & Acrylamide- The following types of Styrene (Bromostyrene- Deastyrene/acrylates/dvbcopolymer- sodium styrene/divinylbenzene copolymer - styrene oxide- styrene)- 1-4 Dioxane in final formulas must comply with the thresholds as follows: (10 or < ppm for products that are meant to be rinsed off- wiped off or removed- 3ppm or < for products that are meant to remain on the skin).,sephora,False,,,https://www.sephora.com/product/original-skin-tm-pore-perfecting-cooling-primer-with-willowherb-P424947?icid2=products grid:p424947,,sephora/open-dataset
PAT McGRATH LABS,Skin Fetish: Sublime Perfection Primer,hydrating,"[""seco""]",$60-$64,-Hyaluronic Acid: Hydrates by attracting moisture from the air to help support preserve the youthful qualities of the skin- including suppleness- elasticity- and tone.-Cosmetic Filler Powder: A coated- microsphere powder meant to mimic the smoothness and clarity of ceramic to fill-in the look of wrinkles and diffuse light- creating an even and luminous surface that also feels incredibly smooth. Water- Glycerin- C13-15 Alkane- Dicaprylyl Carbonate- Ethylene/Acrylic Acid Copolymer- C12-16 Alcohols- Sodium Polyacrylate- Palmitic Acid- Sodium Potassium Aluminum Silicate- Phenoxyethanol- Sodium Stearoyl Glutamate- Hydrogenated Lecithin- Hydroxyethyl Acrylate/Sodium Acryloyldimethyl Taurate Copolymer- Ethylhexylglycerin- Caprylyl Glycol- Silica- Disodium Edta- Sodium Hydroxide- Fragrance- Polysorbate 60- Sorbitan Isostearate- Sodium Hyaluronate- Poloxamer 338- Peg-8- Tocopherol- Cirsium Eriophorum Callus Extract- Mica- Ascorbyl Palmitate- Ascorbic Acid- Citric Acid- Tocopheryl Acetate- Titanium Dioxide (Ci 77891)- Iron Oxides (Ci 77491).,sephora,False,,,https://www.sephora.com/product/skin-fetish-sublime-perfecting-primer-P447764?icid2=products grid:p447764,,sephora/open-dataset
Perricone MD,No Makeup Instant Blur,matte,"[""oleoso"", ""misto"", ""seco"", ""sensivel"", ""normal""]",$55-$59,,,,,,https://www.sephora.com/product/no-makeup-instant-blur-P421608?icid2=products grid:p421608,,sephora/open-dataset
Peter Thomas Roth,Max Anti-Shine Mattifying Gel,matte,"[""oleoso""]",$35-$39,-Polysilicone-II: Helps absorb excess oil and create a satiny- matte finish. -Silica: Helps absorb excess oil which prevents light reflection giving the appearance of smaller pores. -Dimethicone: Acts as a skin-conditioning agent. Dimethicone- Cyclopentasiloxane- Polysilicone-11- Cyclomethicone- Isododecane- Cyclotetrasiloxane- Butylene Glycol- Silica- Polyethylene- Water- Laureth-4.,sephora,True,,,https://www.sephora.com/product/max-anti-shine-mattifying-gel-P21170?icid2=products grid:p21170,,sephora/open-dataset
Peter Thomas Roth,Skin To Die For® Redness-Reducing Treatment Primer,natural,"[""oleoso"", ""misto"", ""seco"", ""normal""]",$35-$39,-Centella Asiatica- Blue Water Lily- Licorice Root- and Chamomile: Help comfort and diminish the look of a red- irritated complexion. -Niacinamide- Adenosine- and Glycerin: Help skin appear even-toned- smooth- and moisturized. Water/Aqua/Eau- Cyclopentasiloxane- Glycerin- Neopentyl Glycol Diethylhexanoate- Dimethicone- Butylene Glycol- Titanium Dioxide- Phenyl Trimethicone- Niacinamide- Cetyl Peg/Ppg-10/1 Dimethicone- Sodium Chloride- Quaternium-18 Hectorite- Tocopherol- Adenosine- Madecassoside- Cera Alba (Beeswax)- Nymphaea Caerulea Flower Extract- Glycine Soja (Soybean) Sprout Extract- Glycyrrhiza Glabra (Licorice) Root Extract- Chamomilla Recutita (Matricaria) Flower Extract- Centella Asiatica Extract- Dimethicone/Vinyl Dimethicone Crosspolymer- Ozokerite- Peg-10 Dimethicone- Dimethicone/Peg-10/15 Crosspolymer- Sorbitan Sesquioleate- Propylene Carbonate- Zein- Triethoxycaprylylsilane- Stearic Acid- Silica Dimethyl Silylate- Xanthan Gum- Zea Mays (Corn) Starch- Disodium Edta- Hydrogenated Lecithin- Dipropylene Glycol- Caprylic/Capric Triglyceride- Sodium Citrate- Carbomer- Polysorbate 20- Palmitoyl Pentapeptide-4- Synthetic Fluorphlogopite- Aluminum Hydroxide- Phenoxyethanol- Caprylyl Glycol- Iron Oxides (CI 77491- CI 77492)- Chlorophyllin-Copper Complex (CI 75810).,sephora,,,,https://www.sephora.com/product/skin-to-die-for-redness-reducing-treatment-primer-P448909?icid2=products grid:p448909,,sephora/open-dataset
Peter Thomas Roth,Skin to Die For™ No- Filter Mattifying Primer & Complexion Perfector,matte,"[""oleoso"", ""misto"", ""seco"", ""sensivel"", ""normal""]",$30-$34,Cyclopentasiloxane- Isododecane- Dimethicone- Stearoxymethicone/Dimethicone Copolymer- Isononyl Isononanoate- Silica- Polysilicone-11- Methyl Methacrylate Crosspolymer- Polymethylsilsesquioxane- Diamond Powder- Enantia Chlorantha Bark Extract- Cassia Angustifolia Seed Polysaccharide- Saccharide Isomerate- Lysophosphatidic Acid- Bht- Lecithin- Oleanolic Acid- Mica- Butylene Glycol- Caprylyl Glycol- Methicone- Ethylhexylglycerin- Water- Amodimethicone- Titanium Dioxide- Alumina- Adipic Acid/Neopentyl Glycol Crosspolymer- Calcium Silicate- Vp/Va Copolymer- Dimethiconol- Hydroxyethylcellulose- Laureth-12- Lysolecithin- Hydroxypropyl Methylcellulose- Chlorphenesin- Potassium Sorbate- Sodium Benzoate- Phenoxyethanol- Iron Oxides (Ci 77499- Ci 77492- Ci 77491).,sephora,,,,https://www.sephora.com/product/skin-to-die-for-tm-no-filter-mattifying-primer-complexion-perfector-P423255?icid2=products grid:p423255,,sephora/open-dataset
REN Clean Skincare,Perfect Canvas Clean Primer,dewy,"[""oleoso"", ""misto"", ""seco"", ""normal""]",$45-$49,-Agave Extract: Smooths skin and delivers a matte finish. -Probiotic Extract: Supports natural surface cell renewal. -Alpha-glucans: Support a healthy skin microbiome. Aqua (Water)- Lactococcus Ferment Lysate- Glycerin- Maltose- Caprylyl/Capryl Glucoside- Alpha-Glucan Oligosaccharide- Agave Tequilana Leaf Extract- Xanthan Gum- Parfum* (Fragrance)- Sodium Hyaluronate- Sodium Benzoate- Phenoxyethanol- Citric Acid- Lactic Acid- Sodium Chloride- Glucose- Limonene- Linalool.A14 Clean at Sephora products are formulated without: Sulfates—SLS + SLES- Parabens- Formaldehydes- Formaldehyde-releasing agents- Phthalates- Mineral Oil- Retinyl Palmitate- Oxybenzone- Coal Tar- Hydroquinone- Triclosan- Triclocarban- Undisclosed synthetic fragrances (Products can be formulated with disclosed synthetic fragrances that meet the following two criteria: (1) the synthetic fragrances do not include any of the ingredients listed in numbers 1 through 12 above and (2) the synthetic fragrances are at a concentration below 1% of the total formula) The following type of acrylates: (ethyl acrylate- ethyl methacrylate- methyl methacrylate- butyl methacrylate- hydroxypropyl methacrylate- tetrahydrofurfuryl methacrylate- trimethylolpropane trimethacrylate - aluminum salts)- Animal Oils/Musks/Fats- Benzophenone + Related Compounds- Butoxyethanol- Carbon Black- Lead/Lead Acetate- Methyl Cellosolve + Methoxyethanol- Methylchloroisothiazolinone & Methylisothiazolinone- Mercury + Mercury Compounds (Thimerisol)- Insoluble Plastic Microbeads (This prohibited ingredient applies to products that are meant to be rinsed off )- Resorcinol- Talc (Talc that is free of any asbestos can be used in the formulation provided that Brand conducts testing to ensure that talc is free of any asbestos.)- Toluene- Butylated hydroxyanisole (BHA)- Butylated hydroxytoluene (BHT) that is 0.1% or more of total formula- Ethanolamines DEA/TEA/MEA/ETA- Nanoparticles as defined by the European Commission- Petrolatum and Parrafin that is not USP grade- Phenoxyethanol that is 1% or more of total formulation- Polyacrylamide & Acrylamide- The following types of Styrene (Bromostyrene- Deastyrene/acrylates/dvbcopolymer- sodium styrene/divinylbenzene copolymer- styrene oxide- styrene)- 1-4 Dioxane in final formulas must comply with the thresholds as follows: (10 or < ppm for products that are meant to be rinsed off- wiped off or removed- 3ppm or < for products that are meant to remain on the skin).,sephora,False,,,https://www.sephora.com/product/perfect-canvas-skin-finishing-serum-P423666?icid2=products grid:p423666,,sephora/open-dataset
SEPHORA COLLECTION,Beauty Amplifier Afterglow Primer & Luminizer,dewy,"[""normal"", ""misto""]",$15-$19,Water- Cyclopentasiloxane- Butylene Glycol- Mica- Glycerin- Ci 77891 (Titanium Dioxide)- Dimethicone- Pentylene Glycol- Dicaprylyl Carbonate- Phenyl Trimethicone- Phenoxyethanol- Cetearyl Alcohol- Triceteareth-4 Phosphate- Glycol Stearate- Peg-2 Stearate- Glyceryl Stearate- Peg-100 Stearate- Potassium Cetyl Phosphate- Peg-10 Dimethicone- Dimethicone Crosspolymer- Sodium Acrylate/Sodium Acryloyldimethyl Taurate Copolymer- Sodium Polyacrylate- Isohexadecane- Laureth-23- Parfum (Fragrance)- Xanthan Gum- Ethylhexylglycerin- Polymethylsilsesquioxane- Polysorbate 80- Laureth-4- Ci 77491 (Iron Oxides)- Tin Oxide- Ci 77492 (Iron Oxides)- Potassium Sorbate- Linalool- Sorbitan Oleate- Ci 77499 (Iron Oxides)- Geraniol- Hydroxycitronellal- Tocopherol- Silica.,sephora,False,,,https://www.sephora.com/product/beauty-amplifier-afterglow-primer-luminizer-P403326?icid2=products grid:p403326,,sephora/open-dataset
SEPHORA COLLECTION,Beauty Amplifier Hydrating Face Primer,hydrating,"[""misto"", ""seco"", ""normal""]",$15-$19,Aqua (Water)- Isononyl Isononanoate- Dipropylene Glycol- Alcohol Denat.- Propanediol- Glycerin- Dicaprylyl Ether- Silica- Ppg-26-Buteth-26- Peg-40 Hydrogenated Castor Oil- Menthyl Lactate- Diisostearyl Malate- Phenoxyethanol- Sorbitan Sesquiisostearate- Acrylates Copolymer- Hydroxyethylcellulose- Polymethyl Methacrylate- Parfum (Fragrance)- Sodium Hyaluronate- Propylene Glycol- Sodium Phytate- Opuntia Ficus-Indica Flower Extract- Yeast Extract- Sorbitol- Alcohol- Tocopherol- Ethylhexylglycerin- Ci 42090 (Blue 1)- Disodium Phosphate- Polysorbate 20- Sodium Phosphate.,sephora,False,,,https://www.sephora.com/product/beauty-amplifier-hydrating-face-primer-P443313?icid2=products grid:p443313,,sephora/open-dataset
SEPHORA COLLECTION,Beauty Amplifier Mattifying H2O Gel Primer,matte,"[""oleoso""]",$15-$19,-Green Tea Extract: Mattifies and provides antioxidants.-Damask Rose Extract. Water- Magnesium Aluminum Silicate- Pentylene Glycol- Xanthan Gum- Ethylhexylglycerin- Tocopheryl Acetate- Glycerin- Ci 77491 (Iron Oxides)- Ci 77492 (Iron Oxides)- Rosa Damascena Flower Water- Ci 77499 (Iron Oxides)- Camellia Sinensis Leaf Extract- Benzyl Alcohol- Galactoarabinan- Sodium Benzoate- Potassium Sorbate.,sephora,,,,https://www.sephora.com/product/beauty-amplifier-mattifying-h2o-gel-primer-P417987?icid2=products grid:p417987,,sephora/open-dataset
SEPHORA COLLECTION,Beauty Amplifier Mattifying H2O Gel Primer Mini,matte,"[""oleoso""]",$5-$9,Water- Magnesium Aluminum Silicate- Pentylene Glycol- Xanthan Gum- Ethylhexylglycerin- Tocopheryl Acetate- Glycerin- Ci 77491 (Iron Oxides)- Ci 77492 (Iron Oxides)- Rosa Damascena Flower Water- Ci 77499 (Iron Oxides)- Camellia Sinensis Leaf Extract- Benzyl Alcohol- Galactoarabinan- Sodium Benzoate- Potassium Sorbate.,sephora,,,,https://www.sephora.com/product/beauty-amplifier-mattifying-h2o-gel-primer-mini-P430861?icid2=products grid:p430861,,sephora/open-dataset
SEPHORA COLLECTION,Beauty Amplifier Pore Primer,matte,"[""normal"", ""misto""]",$10-$14,-Apple Cider Vinegar.Octyldodecyl Stearoyl Stearate- Silica- Trimethylsiloxyphenyl Dimethicone- Caprylic/Capric Triglyceride- Isononyl Isononanoate- Nylon-12- Tribehenin- Copernicia Cerifera Cera (Copernicia Cerifera (Carnauba) Wax)- Polyethylene- Aluminum Chlorohydrate- Polymethylsilsesquioxane- Ethylene/Acrylic Acid Copolymer- Ricinus Communis (Castor) Seed Oil- Butyrospermum Parkii Butter (Butyrospermum Parkii (Shea Butter))- Ci 77891 (Titanium Dioxide)- Menthol- Pentaerythrityl Tetra-Di-T-Butyl Hydroxyhydrocinnamate- Tocopheryl Acetate- Acetum (Vinegar)- Ci 77492 (Iron Oxides)- Ci 77491 (Iron Oxides)- Water- Poloxamer 338- Ci 77499 (Iron Oxides)- Pyrus Malus (Apple) Fruit Extract- Sodium Benzoate- Potassium Sorbate- Citric Acid.,sephora,,,,https://www.sephora.com/product/beauty-amplifier-pore-primer-P432077?icid2=products grid:p432077,,sephora/open-dataset
SEPHORA COLLECTION,Beauty Amplifier Ultra Smoothing Primer,natural,"[""normal"", ""misto""]",$15-$19,-Vitamin A: Provides essential antioxidants which help defend skin against environmental aggressors. -Ceramides: Hydrate. Cyclopentasiloxane- Dimethicone Crosspolymer- Phenoxyethanol- C12-15 Alkyl Benzoate- Nylon-12- Aqua (Water)- Sorbitan Laurate- C18-36 Acid Glycol Ester- C18-36 Acid Triglyceride- Sodium Hyaluronate- Lactic Acid- Benzyl Alcohol- Dehydroacetic Acid- Palmitoyl Tripeptide-1- Palmitoyl Tetrapeptide-7.,sephora,,,,https://www.sephora.com/product/beauty-amplifier-ultra-smoothing-primer-P412147?icid2=products grid:p412147,,sephora/open-dataset
STELLAR,Brilliant Matte Primer,matte,"[""oleoso"", ""seco""]",$35-$39,-Probicillus Revive: Supports natural collagen production and cell renewal.-Watermelon Extract: Hydrates and soothes stressed skin. Cyclopentasiloxane (and) Dimethicone Crosspolymer- Dimethicone- Dimethicone/Vinyl Dimethicone Crosspolymer- C12-15 Alkyl Benzoate-Trimethylsiloxysilicate- Ethylhexylglycerin- Silica- Sodium Hyaluronate- Water- Probacillus Revive- Citrullus Vulgaris (Watermelon) Fruit Extract- Polysorbate 80- PPG-26 Buteth-26- PEG-40 Hydrogenated Castor Oil.,sephora,,,,https://www.sephora.com/product/brilliant-matte-primer-P442958?icid2=products grid:p442958,,sephora/open-dataset
STELLAR,Brilliant Primer,dewy,"[""normal"", ""misto""]",$15-$19,-Ginseng Extract: Provides antioxidant benefits.-Gingko Biloba Extract: Provides antioxidant benefits.-Camellia Leaf Extract: Hydrates. Cyclopentasiloxane- Dimethicone/Vinyl Dimethicone Crosspolymer- Mica- Phenoxyethanol- Carthamus Tinctorius (Safflower) Seed Oil- Retinyl Palmitate- Tocopheryl Acetate- Vitis Vinifera (Grape) Seed Oil- Camellia Sinensis Leaf Extract- Chamomilla Recutita (Matricaria) Flower Extract- Ginkgo Biloba Leaf Extract- Panax Ginseng Root Extract- Aloe Barbadensis Leaf Extract- Tin Oxide. May Contain (+/-): Titanium Dioxide (Ci 77891)- Iron Oxides (Ci 77491- Ci 77492- Ci 77499)- Carmine (Ci 75470).,sephora,,,,https://www.sephora.com/product/brilliant-primer-P420406?icid2=products grid:p420406,,sephora/open-dataset
Shiseido,WASO: Poreless Matte Primer,matte,"[""oleoso"", ""misto""]",$25-$29,-Watercress Extract: Gets skin hydrated and ready for makeup. -Pore-Refining Agent (Glycylglycine): Evens out the surface of the skin while making pores less visible.-Oil-Absorbing Powder: Absorbs excess sebum and prevents shine.Water(Aqua/Eau)- Triethylhexanoin- Methyl Methacrylate Crosspolymer- Butylene Glycol- Glycerin- Propanediol- Synthetic Wax- Dipeptide-15- Trehalose- Phenoxyethanol- Ammonium Acryloyldimethyltaurate/Vp Copolymer- Chlorphenesin- Fragrance (Parfum)- Hydroxyethyl Acrylate/Sodium Acryloyldimethyl Taurate Copolymer- Squalane- Polyvinyl Alcohol- Saccharide Isomerate- Chromium Hydroxide Green (Ci 77289)- Iron Oxides (Ci 77492)- Bht- Acrylates/C10-30 Alkyl Acrylate Crosspolymer- Polysorbate 60- Silica- Potassium Hydroxide- Limonene- Serine- Menthol- Sorbitan Isostearate- Benzyl Benzoate- Eriobotrya Japonica Leaf Protoplasts- Citronellol- Citric Acid- Sodium Citrate- Linalool- Peg-30 Phytosterol- Hydrogenated Lecithin- Trisodium Edta- Nasturtium Officinale Leaf/Stem Extract.,sephora,False,,,https://www.sephora.com/product/shiseido-waso-poreless-matte-primer-P454790?icid2=products grid:p454790,,sephora/open-dataset
Smashbox,Mindful 5 Nourishing Primer Serum,dewy,"[""normal"", ""misto""]",$40-$44,-Hemp Seed Oil-Primer Oil Complex-Red Algae-Green Tea-Prebiotic Water\Aqua\Eau- PEG-40 Hydrogenated Castor Oil- Bis-PEG- 8 Dimethicone- Butylene Glycol- Dimethyl Isosorbide- Glycerin- Bis-PEG-18 Methyl Ether Dimethyl Silane- Cannabis Sativa (Hemp) Seed Oil- Sodium Hyaluronate- Citrullus Lanatus (Watermelon) Fruit Extract- Algae Extract- Lactobacillus Ferment- Prunus Armeniaca (Apricot) Kernel Oil- Natto Gum- Helianthus Annuus (Sunflower) Seed Oil- Simmondsia Chinensis (Jojoba) Seed Oil- Lens Esculenta (Lentil) Fruit Extract- Pyrus Malus (Apple) Fruit Extract- Laminaria Digitata Extract- Ormenis Multicaulis Oil- Zea Mays (Corn) Starch- Cucumis Sativus (Cucumber) Fruit Extract- Camellia Sinensis Leaf Extract- Allantoin- Ethylhexylglycerin- Sodium Hydroxide- Sodium Lactate- Caprylic/Capric Triglyceride- Sodium PCA- Glyceryl Acrylate/Acrylic Acid Copolymer- Polyacrylate Crosspolymer-11- Phenoxyethanol- Potassium Sorbate- Sodium Benzoate- Blue 1 (CI 42090)- Red 40 (CI 16035)- Yellow 5 (CI 19140). Is scented with the oils and extracts of cucumber- chamomile- and fruit.Please be aware that ingredient lists may change or vary from time to time. Please refer to the ingredient list on the product package you receive for the most up to date list of ingredients.,sephora,,,,https://www.sephora.com/product/smashbox-mindful-5-nourishing-primer-serum-P453266?icid2=products grid:p453266,,sephora/open-dataset
Smashbox,Mini Photo Finish Oil & Shine Control Primer,matte,"[""normal"", ""misto""]",$15-$19,Water- Dimethicone- Vinyl Dimethicone/Methicone Silsesquioxane Crosspolymer- Methyl Trimethicone- Dimethicone/Vinyl Dimethicone Crosspolymer- Butylene Glycol- Hamamelis Virginiana (Witch Hazel) Water- Calcium Carbonate- Ammonium Acryloyldimethyltaurate/VP Copolymer- Tocopherol- Tocopheryl Acetate- Sodium Hyaluronate- Laminaria Saccharina Extract- Tremella Fuciformis Sporocarp Extract- Hydrolyzed Soy Protein- Glycerin- Ethylhexylglycerin- Betaine- Acetyl Glucosamine- Isononyl Isononanoate- Butyl Avocadate- Polyglyceryl-3 Disiloxane Dimethicone- Polyglyceryl-3 Polydimethylsiloxyethyl Dimethicone- Zinc PCA- Isohexadecane- Silica- Nylon-12- Synthetic Fluorphlogopite- Hydroxyapatite- Lauryl Methacrylate/Glycol Dimethacrylate Crosspolymer- Trimethylsiloxysilicate- Acrylamide/Sodium Acryloyldimethyltaurate Copolymer- Sodium Chloride- Polysorbate 80- Salicylic Acid- Coconut Acid- BHT- Phenoxyethanol- Benzoic Acid- Potassium Sorbate- Zinc Oxide (CI 77947).Please be aware that ingredient lists may change or vary from time to time. Please refer to the ingredient list on the product package you receive for the most up to date list of ingredients.,sephora,,,,https://www.sephora.com/product/smashbox-mini-photo-finish-oil-shine-control-primer-P454349?icid2=products grid:p454349,,sephora/open-dataset
Smashbox,Photo Finish Even Skintone Primer,matte,"[""oleoso"", ""misto"", ""seco"", ""sensivel"", ""normal""]",$35-$39,Cyclopentasiloxane- Dimethicone Crosspolymer- Cyclohexasiloxane- Dimethicone- Tocopheryl Acetate- Cymbidium Grandiflorum Flower Extract- Aloe Barbadensis Leaf Extract- Carthamus Tinctorius (Safflower) Seed Oil- Cymbopogon Schoenanthus (Lemongrass) Oil- Glycine Soja (Soybean) Oil- Ethylhexylglycerin- Methicone- Caprylic/Capric Triglyceride- Retinyl Palmitate- Ethylhexyl Salicylate- Talc- Caprylyl Glycol- Hexylene Glycol- Phenoxyethanol- [+/- Titanium Dioxide (Ci 77891)- Iron Oxides (Ci 77491- Ci 77492- Ci 77499)- Chromium Oxide Greens (Ci 77288)- Manganese Violet (Ci 77742)- Ultramarines (Ci 77007)- Yellow 5 Lake (Ci 19140)],sephora,,,,https://www.sephora.com/product/photo-finish-color-correcting-foundation-primer-blend-P420027?icid2=products grid:p420027,,sephora/open-dataset
Smashbox,Photo Finish Foundation Primer,matte,"[""normal"", ""misto""]",$35-$39,Cyclopentasiloxane- Dimethicone- Dimethicone Crosspolymer- Trisiloxane- Silica- Dimethicone/Vinyl Dimethicone Crosspolymer- Ethylhexyl Salicylate- Retinyl Palmitate- Tocopheryl Acetate- Carthamus Tinctorius (Safflower) Seed Extract- Propylene Glycol- Water- Vitis Vinifera (Grape) Seed Extract- Cola Acuminata (Kola) Seed Extract- Camellia Oleifera Leaf Extract.*Please be aware that ingredient lists may change or vary from time to time. Please refer to the ingredient list on the product package you receive for the most up to date list of ingredients.,sephora,,,,https://www.sephora.com/product/photo-finish-foundation-primer-P9889?icid2=products grid:p9889,,sephora/open-dataset
Smashbox,Photo Finish Foundation Primer Jumbo,matte,"[""normal"", ""misto""]",$50-$54,Cyclopentasiloxane- Dimethicone- Dimethicone Crosspolymer- Trisiloxane- Silica- Dimethicone/Vinyl Dimethicone Crosspolymer- Ethylhexyl Salicylate- Retinyl Palmitate- Tocopheryl Acetate- Carthamus Tinctorius (Safflower) Seed Extract- Propylene Glycol- Water- Vitis Vinifera (Grape) Seed Extract- Cola Acuminata (Kola) Seed Extract- Camellia Oleifera Leaf Extract.*Please be aware that ingredient lists may change or vary from time to time. Please refer to the ingredient list on the product package you receive for the most up to date list of ingredients.,sephora,,,,https://www.sephora.com/product/smashbox-jumbo-photo-finish-foundation-primer-P454358?icid2=products grid:p454358,,sephora/open-dataset
Smashbox,Photo Finish Foundation Primer Light,matte,"[""oleoso"", ""misto"", ""seco"", ""sensivel"", ""normal""]",$15-$19,Water\Aqua\Eau- Cyclopentasiloxane- Ethylene/Acrylic Acid Copolymer- Butylene Glycol- Dimethicone- Methyl Methacrylate Crosspolymer- Polysilicone-11- Palmitoyl Oligopeptide- Decyl Glucoside- Carbomer- Hydroxyethylcellulose- Triethanolamine- Caprylyl Glycol- Hexylene Glycol- Tetrahexyldecyl Ascorbate- Phenoxyethanol.,sephora,,,,https://www.sephora.com/product/photo-finish-foundation-primer-light-P191603?skuId=2105310&icid2=products grid:p191603,,sephora/open-dataset
Smashbox,Photo Finish Oil & Shine Control Primer,matte,"[""normal"", ""misto""]",$35-$39,-Witch Hazel.-Salicylic Acid.-Zinc.Water- Dimethicone- Vinyl Dimethicone/Methicone Silsesquioxane Crosspolymer- Methyl Trimethicone- Dimethicone/Vinyl Dimethicone Crosspolymer- Butylene Glycol- Hamamelis Virginiana (Witch Hazel) Water- Calcium Carbonate- Ammonium Acryloyldimethyltaurate/VP Copolymer- Tocopherol- Tocopheryl Acetate- Sodium Hyaluronate- Laminaria Saccharina Extract- Tremella Fuciformis Sporocarp Extract- Hydrolyzed Soy Protein- Glycerin- Ethylhexylglycerin- Betaine- Acetyl Glucosamine- Isononyl Isononanoate- Butyl Avocadate- Polyglyceryl-3 Disiloxane Dimethicone- Polyglyceryl-3 Polydimethylsiloxyethyl Dimethicone- Zinc PCA- Isohexadecane- Silica- Nylon-12- Synthetic Fluorphlogopite- Hydroxyapatite- Lauryl Methacrylate/Glycol Dimethacrylate Crosspolymer- Trimethylsiloxysilicate- Acrylamide/Sodium Acryloyldimethyltaurate Copolymer- Sodium Chloride- Polysorbate 80- Salicylic Acid- Coconut Acid- BHT- Phenoxyethanol- Benzoic Acid- Potassium Sorbate- Zinc Oxide (Ci 77947).,sephora,,,,https://www.sephora.com/product/photo-finish-oil-shine-control-primer-P447362?icid2=products grid:p447362,,sephora/open-dataset
Smashbox,Photo Finish Pore Minimizing Primer,matte,"[""oleoso"", ""misto"", ""seco"", ""sensivel"", ""normal""]",$35-$39,Cyclopentasiloxane- Dimethicone- Hdi/Trimethylol Hexyllactone Crosspolymer- Silica- Isononyl Isononanoate- Isododecane- Dimethicone/Vinyl Dimethicone Crosspolymer- Vinyl Dimethicone/Methicone Silsesquioxane Crosspolymer- Polymethyl Methacrylate- Lauroyl Lysine- Tocopheryl Acetate- Ethylhexylglycerin- Phytosteryl/Octyldodecyl Lauroyl Glutamate- Hydrolyzed Soy Protein- Methicone- Stearyl Glycyrrhetinate- Water- Coconut Acid- Phenoxyethanol- Mica- Titanium Dioxide (Ci 77891)- Iron Oxides (Ci 77491- Ci 77492- Ci 77499),sephora,,,,https://www.sephora.com/product/photo-finish-oil-free-foundation-primer-pore-minimizing-P387425?icid2=products grid:p387425,,sephora/open-dataset
Smashbox,Photo Finish Primer Oil,dewy,"[""misto"", ""seco"", ""normal""]",$40-$44,Prunus Amygdalus Dulcis (Sweet Almond) Oil- Prunus Armeniaca (Apricot) Kernel Oil- Simmondsia Chinensis (Jojoba) Seed Oil- Helianthus Annuus (Sunflower) Seed Oil- Tocopheryl Acetate- Squalane- Tocopherol- Anogeissus Leiocarpus Bark Extract- Coffea Arabica (Coffee) Seed Extract- Hordeum Vulgare (Barley) Extract/Extrait D'Orge- Triticum Vulgare (Wheat) Germ Extract- Argania Spinosa Kernel Oil- Calophyllum Inophyllum (Tamanu) Seed Oil- Chamomilla Recutita (Matricaria) Flower Oil- Lavandula Angustifolia (Lavender) Oil- Oenothera Biennis (Evening Primrose) Oil- Rosa Canina (Rose) Fruit Oil- Rubus Idaeus (Raspberry) Seed Oil- Cholesterol- Water- Polysorbate 60- Linoleic Acid- Linalool- Tetrahexyldecyl Ascorbate,sephora,False,,,https://www.sephora.com/product/photo-finish-primer-oil-P404235?icid2=products grid:p404235,,sephora/open-dataset
Smashbox,Photo Finish Primer Water,natural,"[""oleoso"", ""misto"", ""seco"", ""sensivel"", ""normal""]",$30-$34,Water- Butylene Glycol- Caffeine- Magnesium Chloride- Calcium Chloride- Sodium Sulfate- Potassium Nitrate- Potassium Phosphate- Polysorbate 80- Diamond Powder- Fragrance- Limonene- Linalool- Citral- Phenoxyethanol- Sodium Benzoate,sephora,False,,True,https://www.sephora.com/product/smashbox-photo-finish-primer-water-P392347?icid2=products grid:p392347,,sephora/open-dataset
Smashbox,Photo Finish Primerizer,matte,"[""oleoso"", ""misto"", ""seco"", ""normal""]",$40-$44,Water- Glycerin- Dimethicone- Isopropyl Isostearate- Ppg-15 Stearyl Ether- Niacinamide- Hydroxyethyl Urea- Sodium Polyaspartate- Sodium Hyaluronate- Algae Extract- Caffeine- Trehalose- Sorbitol- Decyl Glucoside- Xanthan Gum- 1-2-Hexanediol- Propanediol- Sodium Hydroxide- Acrylates/C10-30 Alkyl Acrylate Crosspolymer- Caprylyl Glycol- Butylene Glycol- Phenoxyethanol,sephora,,,,https://www.sephora.com/product/photo-finish-primerizer-P421232?icid2=products grid:p421232,,sephora/open-dataset
Smashbox,Photo Finish Reduce Redness Primer,matte,"[""oleoso"", ""misto"", ""seco"", ""sensivel"", ""normal""]",$35-$39,Cyclopentasiloxane- Dimethicone Crosspolymer- Cyclohexasiloxane- Dimethicone- Tocopheryl Acetate- Cymbidium Grandiflorum Flower Extract- Aloe Barbadensis Leaf Extract- Carthamus Tinctorius (Safflower) Seed Oil- Cymbopogon Schoenanthus (Lemongrass) Oil- Glycine Soja (Soybean) Oil- Ethylhexylglycerin- Methicone- Caprylic/Capric Triglyceride- Retinyl Palmitate- Ethylhexyl Salicylate- Talc- Caprylyl Glycol- Hexylene Glycol- Phenoxyethanol- [+/- Titanium Dioxide (Ci 77891)- Iron Oxides (Ci 77491- Ci 77492- Ci 77499)- Chromium Oxide Greens (Ci 77288)- Manganese Violet (Ci 77742)- Ultramarines (Ci 77007)- Yellow 5 Lake (Ci 19140)],sephora,,,,https://www.sephora.com/product/photo-finish-color-correcting-foundation-primer-P78811?icid2=products grid:p78811,,sephora/open-dataset
Smashbox,Photo Finish Vitamin Glow Primer,dewy,"[""oleoso"", ""misto"", ""seco"", ""normal""]",$35-$39,-Vitamins B- C- and E: Revitalize skin for a healthy glow.-Birch Water: Nourishes and helps retain moisture. Water\Aqua\Eau- Glycerin- Dimethicone- Butylene Glycol- Betula Alba Juice- Niacinamide- Tetrahexyldecyl Ascorbate- Tocopherol- Polyglyceryl-6 Polyricinoleate- Dimethicone/Vinyl Dimethicone Crosspolymer- Citrus Aurantium Dulcis (Orange) Peel Oil- Ethylhexylglycerin- Lavandula Angustifolia (Lavender) Extract- Lactobacillus Ferment- Caprylic/Capric Triglyceride- Dimethicone Crosspolymer- Citrus Limon (Lemon) Peel Wax- Amodimethicone- Sodium Carbomer- Carbomer- 1-2-Hexanediol- Citric Acid- Ammonium Acryloyldimethyltaurate/Beheneth-25 Methacrylate Crosspolymer- Pentylene Glycol- Sodium Hydroxide- Limonene- Linalool- Citral- Disodium EDTA- Sodium Phytate- Phenoxyethanol- Yellow 5 (CI 19140)- Yellow 6 (CI 15985).,sephora,False,,,https://www.sephora.com/product/smashbox-photo-finish-vitamin-glow-primer-P456373?icid2=products grid:p456373,,sephora/open-dataset
Tatcha,The Liquid Silk Canvas: Featherweight Protective Primer,matte,"[""oleoso"", ""misto"", ""seco"", ""normal""]",$50-$54,-Thin Layers of Silk (Fibroin- Sericin- and Silk Powder): Diminish the look of pores- fines lines- and imperfections for the perfect canvas before makeup. -Anti-pollution Natural Actives: Help keeps makeup and pollution out of skin that can otherwise lead to clogged pores- breakouts- and premature signs of aging. -Tatcha's Signature Hadasei-3: Restores a healthy-looking- youthful radiance with nourishing green tea- rice- and algae. Saccharomyces/Camellia Sinensis Leaf/Cladosiphon Okamuranus/Rice Ferment Filtrate*- Cyclopentasiloxane- Hdi/Trimethylol Hexyllactone Crosspolymer- Aqua/Water/Eau - Propanediol-Glycerin- Dimethicone- Polymethylsilseuqioxane-Silk Powder- Sericin- Hydrolyzed Silk- Caesalpinia Spinosa Fruit Extract- Kappaphycus Alvarezii Extract- Yeast Extract- Mica- Peg/Ppg-18/18 Dimethicone- Dimethicone/Vinyl Dimethicone Crosspolymer- Polyglyceryl-2 Diisostearatedimethicone/Peg-10/15 Crosspolymer- Distearyldimonium Chloride- Trimethylsiloxysilicate- Silica- Disodium Edta- Zinc Stearate- Aluminum Hydroxide- Stearic Acid- Tin Oxide- Ethylhexylglycerin- 1-2-Hexanediol- Caprylyl Glycol- Biosaccharide Gum-4- Parfum/Fragrance- Isopropyl Alcohol- Phenoxyethanol- Titanium Dioxide (Ci 77891)- Iron Oxides (Ci 77491).Clean at Sephora products are formulated without: Sulfates—SLS + SLES- Parabens- Formaldehydes- Formaldehyde-releasing agents- Phthalates- Mineral Oil- Retinyl Palmitate- Oxybenzone- Coal Tar- Hydroquinone- Triclosan- Triclocarban- Undisclosed synthetic fragrances (Products can be formulated with disclosed synthetic fragrances that meet the following two criteria: (1) the synthetic fragrances do not include any of the ingredients listed in numbers 1 through 12 above and (2) the synthetic fragrances are at a concentration below 1% of the total formula) The following type of acrylates: (ethyl acrylate- ethyl methacrylate- methyl methacrylate- butyl methacrylate- hydroxypropyl methacrylate- tetrahydrofurfuryl methacrylate- trimethylolpropane trimethacrylate - aluminum salts)- Animal Oils/Musks/Fats- Benzophenone + Related Compounds- Butoxyethanol- Carbon Black- Lead/Lead Acetate- Methyl Cellosolve + Methoxyethanol- Methylchloroisothiazolinone & Methylisothiazolinone- Mercury + Mercury Compounds (Thimerisol)- Insoluble Plastic Microbeads (This prohibited ingredient applies to products that are meant to be rinsed off )- Resorcinol- Talc (Talc that is free of any asbestos can be used in the formulation provided that Brand conducts testing to ensure that talc is free of any asbestos.)- Toluene- Butylated hydroxyanisole (BHA)- Butylated hydroxytoluene (BHT) that is 0.1% or more of total formula- Ethanolamines DEA/TEA/MEA/ETA- Nanoparticles as defined by the European Commission- Petrolatum and Parrafin that is not USP grade- Phenoxyethanol that is 1% or more of total formulation- Polyacrylamide & Acrylamide- The following types of Styrene (Bromostyrene- Deastyrene/acrylates/dvbcopolymer- sodium styrene/divinylbenzene copolymer- styrene oxide- styrene)- 1-4 Dioxane in final formulas must comply with the thresholds as follows: (10 or < ppm for products that are meant to be rinsed off- wiped off or removed- 3ppm or < for products that are meant to remain on the skin).,sephora,False,,,https://www.sephora.com/product/tatcha-the-liquid-silk-canvas-featherweight-protective-primer-P456446?icid2=products grid:p456446,,sephora/open-dataset
Tatcha,The Silk Canvas Protective Primer,dewy,"[""oleoso"", ""misto"", ""seco"", ""sensivel"", ""normal""]",$50-$54,-Thin Layers of Silk (Fibroin- Sericin- and Silk Powder): Keep skin smooth and glowing all day. -Anti-pollution Natural Actives: Fight immediate attack from environmental stressors and help support the skin’s barrier function to act against future attack- visibly reducing the appearance of wrinkles and dullness. -Hadasei-3: A complex of three anti-aging nutrients reveal soft- youthful-looking skin. Cyclopentasiloxane- Aqua/Water/Eau- Glycerin- Saccharomyces/Camellia Sinensis Leaf/Cladosiphon Okamuranus/Rice Ferment Filtrate*- Hdi/Trimethylol Hexyllactone Crosspolymer- Propanediol- Dimethicone- Ceresin- Titanium Dioxide- Squalane- Dimethicone/Peg-10/15 Crosspolymer- Sericin- Hydrolyzed Silk- Silk Powder- Caesalpinia Spinosa Fruit Extract- Kappaphycus Alvarezii Extract- Yeast Extract- Distearyldimonium Chloride- Trimethylsiloxysilicate- Zinc Stearate- Aluminum Hydroxide- Stearic Acid- Ethylhexylglycerin- Peg/Ppg-18/18 Dimethicone- Peg-9 Polydimethylsiloxyethyl Dimethicone- Polyglyceryl-2 Diisostearate- Biosaccharide Gum-4- Disodium Edta- Silica- Dimethicone/Vinyl Dimethicone Crosspolymer- Parfum/Fragrance- Isopropyl Alcohol- Phenoxyethanol- Mica (Ci 77019)- Tin Oxide (Ci 77861)- Iron Oxide (Ci 77491). *Hadasei-3. Clean at Sephora products are formulated without: Sulfates—SLS + SLES- Parabens- Formaldehydes- Formaldehyde-releasing agents- Phthalates- Mineral Oil- Retinyl Palmitate- Oxybenzone- Coal Tar- Hydroquinone- Triclosan- Triclocarban- Undisclosed synthetic fragrances (Products can be formulated with disclosed synthetic fragrances that meet the following two criteria: (1) the synthetic fragrances do not include any of the ingredients listed in numbers 1 through 12 above and (2) the synthetic fragrances are at a concentration below 1% of the total formula) The following type of acrylates: (ethyl acrylate- ethyl methacrylate- methyl methacrylate- butyl methacrylate- hydroxypropyl methacrylate- tetrahydrofurfuryl methacrylate- trimethylolpropane trimethacrylate - aluminum salts)- Animal Oils/Musks/Fats - Benzophenone + Related Compounds- Butoxyethanol- Carbon Black- Lead/Lead Acetate- Methyl Cellosolve + Methoxyethanol- Methylchloroisothiazolinone & Methylisothiazolinone- Mercury + Mercury Compounds (Thimerisol)- Insoluble Plastic Microbeads (This prohibited ingredient applies to products that are meant to be rinsed off )- Resorcinol- Talc (Talc that is free of any asbestos can be used in the formulation provided that Brand conducts testing to ensure that talc is free of any asbestos.)- Toluene- Butylated hydroxyanisole (BHA)- Butylated hydroxytoluene (BHT) that is 0.1% or more of total formula- Ethanolamines DEA/TEA/MEA/ETA- Nanoparticles As defined by the European Commission- Petrolatum and Parrafin that is not USP grade- Phenoxyethanol that is 1% or more of total formulation- Polyacrylamide & Acrylamide- The following types of Styrene (Bromostyrene- Deastyrene/acrylates/dvbcopolymer- sodium styrene/divinylbenzene copolymer - styrene oxide- styrene)- 1-4 Dioxane in final formulas must comply with the thresholds as follows: (10 or < ppm for products that are meant to be rinsed off- wiped off or removed- 3ppm or < for products that are meant to remain on the skin).,sephora,False,,True,https://www.sephora.com/product/the-silk-canvas-P428661?icid2=products grid:p428661,,sephora/open-dataset
The Ordinary,High-Adherence Silicone Primer,hydrating,"[""oleoso"", ""misto"", ""seco"", ""sensivel"", ""normal""]",$0-$4,-Advanced Adaptive Silicones: Visibly reduce the look of pores and of imperfections while offering non-greasy hydration. Water- Isodecyl Neopentanoate- Dimethicone- Dimethicone/Bis-Isobutyl PPG-20 Crosspolymer- Hydroxyethyl Acrylate/Sodium Acryloyldimethyl Taurate Copolymer- Isohexadecane- Hexamethyldisiloxane- Isoceteth-20- Polysilicone-11- Tocopherol- Polysorbate 60- Trisodium Ethylenediamine Disuccinate- Phenoxyethanol- Chlorphenesin.,sephora,,,,https://www.sephora.com/product/the-ordinary-deciem-high-adherence-silicone-primer-P427408?icid2=products grid:p427408,,sephora/open-dataset
The Ordinary,High-Spreadability Fluid Primer,natural,"[""seco"", ""normal""]",$5-$9,Hexamethyldisiloxane- Cyclopentasiloxane- Caprylyl Methicone- PEG-12 Dimethicone/PPG-20 Crosspolymer- Dimethicone- Dimethicone/Vinyl Dimethicone Crosspolymer- Tocopherol.,sephora,,,,https://www.sephora.com/product/high-spreadability-fluid-primer-P447598?icid2=products grid:p447598,,sephora/open-dataset
Too Faced,Hangover Replenishing Face Primer,hydrating,"[""seco""]",$30-$34,-Coconut Water: Hydrates skin. Water- Lactobacillus/Salix Alba Bark Ferment Filtrate- Propanediol Dicaprylate- Propanediol- Ceteareth-6 Olivate- Olive Glycerides- Lactobacillus Ferment- Aluminum Starch Octenylsuccinate- Microcrystalline Cellulose- Hydrogenated Olive Oil- Polyacrylate Crosspolymer-6- Cellulose Gum- Olea Europaea (Olive) Fruit Oil- Pectin- Trisodium Ethylenediamine Disuccinate- Xanthan Gum- Olea Europaea (Olive) Oil Unsaponifiables- Cocos Nucifera (Coconut) Fruit Juice- Lauryl Alcohol Diphosphonic Acid- Pentylene Glycol- Glycerin- Lecithin- Magnesium Aluminum Silicate- Fragrance- Lauric Acid- Tocopherol- Ascorbyl Palmitate- Citric Acid.,sephora,False,,,https://www.sephora.com/product/hangover-replenishing-face-primer-P387589?icid2=products grid:p387589,,sephora/open-dataset
Too Faced,Primed & Peachy Cooling Matte Perfecting Primer – Peaches and Cream Collection,hydrating,"[""oleoso"", ""seco""]",$30-$34,Water- Glycerin- Polymethylsilsesquioxane- Propanediol- PVP- Sodium Polyacrylate Starch- Talc- HDI/Trimethylol Hexyllactone Crosspolymer- Polymethyl Methacrylate- Lauroyl Lysine- Nylon 6/12- Vinyl Dimethicone/Methicone Silsesquioxane Crosspolymer- Magnesium Stearate- Ethylhexylglycerin- Aluminum Hydroxide- Mica- Stearic Acid- Fragrance- Silica- Flavor/Aroma- Prunus Persica (Peach) Fruit Extract/ Prunus Persica Fruit Extract- Tocopherol- Propylene Glycol Dicaprylate/Dicaprate- Ficus Carica (Fig) Fruit Extract/Ficus Carica Fruit Extract- Xanthan Gum- Phenoxyethanol- Potassium Sorbate- Benzyl Benzoate- Titanium Dioxide (CI 77891)- Iron Oxides (CI 77492- CI 77491).,sephora,False,,,https://www.sephora.com/product/primed-peachy-cooling-matte-perfecting-primer-peaches-cream-collection-P422851?icid2=products grid:p422851,,sephora/open-dataset
Too Faced,Primed & Poreless Face Prime,matte,"[""oleoso""]",$30-$34,-Hyaluronic Acid and Vitamins C and E: Reduce shine- visibly blur imperfections- smooth the appearance skin texture- and virtually banish the look of pores.Caprylyl Methicone- Water\Aqua\Eau- PEG-12 Dimethicone/PPG-20 Crosspolymer- Disiloxane- Polysilicone-11- Isodecyl Neopentanoate- Methyl Methacrylate Crosspolymer- Adipic Acid/Neopentyl Glycol Crosspolymer- Sodium Hyaluronate- Ascorbyl Palmitate- Lecithin- Retinol- Camellia Oleifera Seed Oil- Ethylhexylglycerin- Caprylic/Capric Triglyceride- Hydrogenated Lecithin- Potassium Phosphate- Polysorbate 20- Laureth-12- Polysorbate 80- Isohexadecane- Sodium Acrylate/Sodium Acryloyldimethyl Taurate Copolymer- Phenethyl Alcohol- Pistacia Lentiscus (Mastic) Gum- Pentylene Glycol- Alcohol- Fragrance (Parfum)- Limonene- Citral- Linalool- Tocopherol- Phenoxyethanol- Mica- Iron Oxides (CI 77491)- Iron Oxides (CI 77492)- Iron Oxides (CI 77499)- Bismuth Oxychloride (CI 77163).,sephora,False,,,https://www.sephora.com/product/too-faced-primed-poreless-pore-banishing-blurring-face-primer-P456598?icid2=products grid:p456598,,sephora/open-dataset
Touch In Sol,No Poreblem Primer,matte,"[""oleoso"", ""misto"", ""seco"", ""sensivel"", ""normal""]",$15-$19,-Green Tea Extract -Soluble Collagen Cyclopentasiloxane- Water- Dimethicone- Dimethicone/Vinyl Dimethicone- Crosspolymer- PEG-10 Dimethicone- Dimethicone Crosspolymer- Dipropylene Glycol- Silica- Phenoxyethanol- Disteardimonium Hectorite- Magnesium Sulfate- Fragance(Parfum)- Methyl Methacrylate Crosspolymer- Titanium Dioxide (CI 77891)- Ethylhexylglycerin- Disodium EDTA- Aluminum Hydroxide- Stearic Acid- Butylene Glycol- Iron Oxides (CI 77491)- Soluble Collagen- Red 30 Lake (CI 73360)- Camellia Sinensis Leaf Extract- Triethoxycaprylylsilane.,sephora,False,True,,https://www.sephora.com/product/no-poreblem-primer-P419640?icid2=products grid:p419640,,sephora/open-dataset
Urban Decay,All Nighter Face Primer,hydrating,"[""seco""]",$35-$39,Aqua / Water / Eau- Butylene Glycol- Polyacrylamide- Ethylhexyl Palmitate- Glycerin- C13-14 Isoparaffin- Phenoxyethanol- Caprylyl Glycol- Pullulan- Laureth-7- Tocopheryl Acetate- Tetrahexyldecyl Ascorbate- Silica Dimethyl Silylate [nano] / Silica Dimethyl Silylate- Nannochloropsis Oculata Extract- Carbomer- Sodium Lactate- Potassium Sorbate- Triethanolamine- Sodium Benzoate- Litchi Chinensis Pericarp Extract- Polysorbate 20- Sodium Hyaluronate- Hexylene Glycol- Palmitoyl Tripeptide-1- Palmitoyl Tetrapeptide-7.,sephora,,,,https://www.sephora.com/product/urban-decay-all-nighter-face-primer-P454337?icid2=products grid:p454337,,sephora/open-dataset
Urban Decay,Quick Fix Hydracharged Complexion Prep Priming Spray,hydrating,"[""seco""]",$30-$34,Water- Hamamelis Witch Hazel Water- Niacinamide- Propanediol- Coconut Water- Glycereth-5 Lactate- PEG-35 Castor Oil- Phenoxyethanol- Caffeine- Dimethicone PEG-7 Phosphate- Caprylic/Capric Triglyceride- Glycolic Acid- Bisabolol- Fragrance- Carnitine- Ethylhexylglycerin- Zinc Gluconate- Magnesium Aspartate- Radish Root- Ferment Filtrate- Benzyl Benzoate- Coumarin- Copper Gluconate- Benzyl Alcohol.,sephora,False,,,https://www.sephora.com/product/quick-fix-hydracharged-complexion-prep-priming-spray-P415988?icid2=products grid:p415988,,sephora/open-dataset
Wander Beauty,Smooth Sailing Perfecting Primer,matte,"[""oleoso""]",$35-$39,-Gold: Supports natural collagen levels- skin’s elasticity- natural firmness- and blood circulation- and diminishes the look of wrinkles.-Vitamin C: Contains antioxidant properties and helps brighten dull skin.-Vitamin E: Helps fight free radical damage- supports natural skin healing to diminish visible signs of aging- hydrates- and supports the skin's protective barrier. Dimethicone/Vinyl Dimethicone Crosspolymer- Dimethicone- Phenoxyethanol- Tocopheryl Acetate (Vitamin E)- Ethylhexylglycerin- Ascorbic Acid (Vitamin C)- Gold.,sephora,,,,https://www.sephora.com/product/smooth-sailing-perfecting-primer-P441030?icid2=products grid:p441030,,sephora/open-dataset
Yves Saint Laurent,TOP SECRETS Instant Matte Pore Refiner,matte,"[""oleoso"", ""misto"", ""seco"", ""normal""]",$30-$34,-Salicylic Acid Emulsion: Reduces the look of pores. Water- Alcohol Denat.- Glycerin- Synthetic Fluorphlogopite- Butylene Glycol- Dimethicone- PEG/PPG/Polybutylene Glycol-8/5/3 Glycerin- Isopropyl Lauroyl Sarcosinate- Hydroxyethylpiperazine Ethane Sulfonic Acid- Boron Nitride- Silica Silylate- Ammonium Polyacryloyldimethyl Taurate- Juglans Regia Leaf Extract / Walnut Leaf Extract- Tin Oxide- Peg-20 Methyl Glucose Sesquistearate- Ppg-6-Decyltetradeceth-30- Hdi/Trimethylol Hexyllactone Crosspolymer- Dimethiconol- Sodium Citrate- Sodium Hydroxide- Sodium Polyacrylate- Silica- Haematococcus Pluvialis Extract- Adenosine- Caprylic/Capric Triglyceride- Capryloyl Salicylic Acid- Trisodium Ethylenediamine Disuccinate- Xanthan Gum- Tocopherol- Salicylic Acid- Phenoxyethanol- Iron Oxides (Ci 77491)- Titanium Dioxide (Ci 77891)- Linalool- Benzyl Alcohol- Fragrance.,sephora,False,,,https://www.sephora.com/product/top-secrets-instant-matte-pore-refiner-P443340?icid2=products grid:p443340,,sephora/open-dataset
Yves Saint Laurent,TOP SECRETS Instant Moisture Glow,hydrating,"[""seco""]",$40-$44,Water- Glycerin- Dimethicone- Propanediol- Hydroxyethylpiperazine Ethane Sulfonic Acid- Dimethicone/Peg-10/15 Crosspolymer- Nylon-12- Pentylene Glycol- Polymethylsilsesquioxane- Phenoxyethanol- Sodium Chloride- Chlorphenesin- Silica Silylate- Butylene Glycol- Sodium Citrate- P-Anisic Acid- Biosaccharide Gum-1- Carrageenan- Disodium Edta- Peg-10 Dimethicone- Sodium Hydroxide- Adenosine- Hydrolyzed Opuntia Ficus-Indica Flower Extract- Synthetic Fluorphlogopite- Ci 77891/Titanium Dioxide- Poterium Officinale Root Extract- Zingiber Officinale Root Extract/Ginger Root Extract- Cinnamomum Cassia Bark Extract- Ethylhexylglycerin- Benzyl Alcohol- Ci 77491/ Iron Oxides- Ci 14700/ Red 4- Ci 19140/ Yellow 5- Tin Oxide- Haematococcus Pluvialis/Haematococcus Pluvialis Exctract- Ci 42090/ Blue 1- Fragrance.,sephora,False,,,https://www.sephora.com/product/instant-moisture-glow-P406814?icid2=products grid:p406814,,sephora/open-dataset
Yves Saint Laurent,Touche Eclat Blur Primer,dewy,"[""oleoso"", ""misto"", ""seco"", ""normal""]",$50-$54,Cyclopentasiloxane- Dimethicone Crosspolymer- Octyldodecanol- Alumina- Peg-10 Dimethicone- Disodium Stearoyl Glutamate- Zea Mays Oil / Corn Oil- Prunus Armeniaca Kernel Oil / Apricot Kernel Oil- Passiflora Edulis Seed Oil- Oryza Sativa Bran Oil / Rice Bran Oil- Polyglyceryl-4 Isostearate- Cetyl Dimethicone- Hexyl Laurate- Calcium Sodium Borosilicate- Aluminum Hydroxide- Silica- Synthetic Fluorphlogopite- Isopropyl Titanium Triisostearate- Tin Oxide- Tocopherol- Ascorbyl Palmitate- Parfum / Fragrance- [+/- May Contain Ci 77891 / Titanium Dioxide- Ci 77007 / Ultramarines- Ci 15985 / Yellow 6 Lake- Ci 45410 / Red 28 Lake- Ci 15850 / Red 7- Ci 42090 / Blue 1 Lake- Ci 77491 / Iron Oxides.,sephora,False,,,https://www.sephora.com/product/touche-eclat-blur-primer-P397615?icid2=products grid:p397615,,sephora/open-dataset
bareMinerals,Blemish Rescue Anti-Redness Mattifying Primer - For Acne-Prone Skin,matte,"[""oleoso"", ""seco""]",$25-$29,-Chamomile and Arnica: Calms and nourishes skin.-Phytosphingosine: Supports skin’s defenses against bacteria.-Blemish Busting Mineral Blend: Mattifies skin and purifies pores. Water- Isododecane- Dimethicone- Coconut Alkanes- HDI/Trimethylol Hexyllactone Crosspolymer- Butylene Glycol- Polysilicone-11- Glycerin- PEG-8 Dimethicone- Chamomilla Recutita (Matricaria) Flower Extract- Sulfur- Citrullus Lanatus (Watermelon) Fruit Extract- Lens Esculenta (Lentil) Fruit Extract- Pyrus Malus (Apple) Fruit Extract- Arnica Montana Flower Extract- Coco-Caprylate/Caprate- Helianthus Annuus (Sunflower) Seed Oil- Olea Europaea (Olive) Fruit Oil- Tocopheryl Acetate- Sodium Lactate- Sodium PCA- Caprylyl Glycol- Phytosphingosine- Panthenol- Ammonium Acryloyldimethyltaurate/VP Copolymer- Polysorbate 20- Laureth-7- Sodium Hydroxide- Sodium Carbonate- C13-14 Isoparaffin- Hexylene Glycol- Kaolin- Polyacrylamide- Disodium EDTA- Silica- Potassium Sorbate- Sodium Benzoate- Phenoxyethanol. May Contain (+/-): Mica- Bismuth Oxychloride (Ci 77163)- Chromium Oxide Greens (Ci 77288)- Zinc Oxide (Ci 77947).,sephora,,,,https://www.sephora.com/product/blemish-rescue-skin-clearing-anti-redness-mattifying-primer-P432869?icid2=products grid:p432869,,sephora/open-dataset
bareMinerals,Prime Time Foundation Primer - Brightening,dewy,"[""normal"", ""misto""]",$25-$29,Cyclopentasiloxane- Dimethicone Crosspolymer- Dimethicone- Silica- Magnesium Silicate- Ascorbic Acid- Tocopherol- Calcium Pantothenate- Aloe Barbadensis Leaf Extract- Chamomilla Recutita (Matricaria) Flower Extract- Glycyrrhiza Glabra (Licorice) Root Extract.,sephora,,,True,https://www.sephora.com/product/prime-time-foundation-primer-brightening-P279108?icid2=products grid:p279108,,sephora/open-dataset
bareMinerals,Prime Time™ Foundation Primer,matte,"[""seco""]",$25-$29,Cyclopentasiloxane- Dimethicone Crosspolymer- Dimethicone- Silica- Magnesium Silicate- Ascorbic Acid (Vitamin C)- Tocopherol (Vitamin E)- Pantothenic Acid (Vitamin B5)- Aloe Barbadensis Leaf Extract- Chamomilla Recutita Flower Extract- Glycyrrhiza Glabra (Licorice) Extract.,sephora,,,,https://www.sephora.com/product/prime-time-foundation-primer-P182405?icid2=products grid:p182405,,sephora/open-dataset
beautyblender,Opal Essence™ Serum Primer,hydrating,"[""seco""]",$30-$34,Water- Propanediol- Cyclopentasiloxane- Cyclohexasiloxane- Hydrogenated Polydecene- Caprylic/Capric Triglyceride- Cetyl Ethylhexanoate- Polyglyceryl-3- Methylglucose Distearate- Dimethicone- Candida Bombicola/Glucose/Methyl Rapeseedate Ferment- Glyceryl Stearate SE- Prunus Amygdalus Dulcis (Sweet Almond) Oil- Prunus Armeniaca (Apricot) Kernel Oil- Portulaca Oleracea Extract- Glycyrrhiza Uralensis (Licorice) Root Extract- Paeonia Albiflora Root Extract- Angelica Pubescens Root Extract- Phellodendron Amurense Bark Extract- Rheum Palmatum Root Extract- Schizonepeta Tenuifolia Extract- Solanum Lycopersicum (Tomato) Leaf Cell Culture Extract- Angelica Gigas Root Extract- Lithospermum Erythrorhizon Root Extract- Olea Europaea (Olive) Fruit Oil- Helianthus Annuus (Sunflower) Seed Oil- Yeast Extract- Tocopherol PEG-60 Hydrogenated Castor Oil- Glycerin- Methyl Glucose Sesquistearate- Ethylhexylglycerin- Ethoxydiglycol- Butylene Glycol- 1-2-Hexanediol Caprylyl Glycol- Fragrance- Limonene.,sephora,False,,,https://www.sephora.com/product/opal-essence-serum-primer-P441840?icid2=products grid:p441840,,sephora/open-dataset
beautyblender,Selfie Shield™ Broad Spectrum SPF 38 Dry Oil Primer,natural,"[""seco""]",$30-$34,-Avobenzone 3%- Homosalate 10%- Octinoxate 7.5%- Octisalate 5%- Octocrylene 5%: Sunscreen. C12-15 Alkyl Benzoate- Propylene Glycol- Dicaprylate/Dicaprate- Dicaprylyl Ether- Argania Spinosa Kernel Oil- Tocopheryl- Acetate- Dunaliella Salina Extract- Tocopherol- Bisabolol- Tetrahexyldecyl Ascorbate- Hydrogenated Polydecene- BHT.,sephora,,,,https://www.sephora.com/product/selfie-shield-broad-spectrum-spf-38-dry-oil-primer-P442584?icid2=products grid:p442584,,sephora/open-dataset
beautyblender,THE LEVELER™ Pore Minimizing Primer,matte,"[""normal"", ""misto""]",$30-$34,Dimethicone- Water- Cyclopentasiloxane- Dimethicone/Vinyl Dimethicone Crosspolymer- Isododecane- Polymethyl Methacrylate- Niacinamide- Cetyl PEG/PPG-10/1 Dimethicone- Disteardimonium- Hectorite- Talc- Hamamelis Virginiana (Witch Hazel) Leaf Extract- Honey- Tropolone- Glycerin- Sodium- Dehydroacetate- Disodium EDTA- Hydrogen Dimethicone- Aluminum Hydroxide- Phenoxyethanol- Pentaerythrityl Tetra-Di-T-Butyl Hydroxyhydrocinnamate- Titanium Dioxide (Ci 77891)- Iron Oxides (Ci 77492- Ci 77491- Ci 77499).,sephora,,,,https://www.sephora.com/product/the-leveler-pore-minimizing-primer-P441839?icid2=products grid:p441839,,sephora/open-dataset
lilah b.,Aglow™ Priming Oil,dewy,"[""normal"", ""misto""]",$65-$69,-Tamanu Oil: Helps moisturize and soothe skin. -Jojoba Oil: Supports- moisturizes- and smooths the look of skin’s texture. -Purple Tea Extract: Help improve the appearance of skin’s tone. Prunus Amygdalus Dulcis (Sweet Almond) Oil- Rosa Damascena Flower Water- Polyglyceryl-4 Oleate- Tocopherol- Polyglyceryl-6 Oleate- Polyhydroxystearic Acid- Quaternium-90 Bentonite- Caprylic/Capric Triglyceride- Calophyllum Inophyllum Seed Oil- Simmondsia Chinensis (Jojoba) Seed Oil- Lavandula Angustifolia (Lavender) Oil- Vitis Vinifera (Grape) Fruit Cell Extract- Camellia Sinensis Leaf Extract- Camellia Sinensis Leaf Powder- Water- Sodium Chloride- Undecane- Tridecane- Butylene Glycol- Maltodextrin- Citric Acid- Linalool- Limonene. Clean at Sephora products are formulated without: Sulfates—SLS + SLES- Parabens- Formaldehydes- Formaldehyde-releasing agents- Phthalates- Mineral Oil- Retinyl Palmitate- Oxybenzone- Coal Tar- Hydroquinone- Triclosan- Triclocarban- Undisclosed synthetic fragrances (Products can be formulated with disclosed synthetic fragrances that meet the following two criteria: (1) the synthetic fragrances do not include any of the ingredients listed in numbers 1 through 12 above and (2) the synthetic fragrances are at a concentration below 1% of the total formula) The following type of acrylates: (ethyl acrylate- ethyl methacrylate- methyl methacrylate- butyl methacrylate- hydroxypropyl methacrylate- tetrahydrofurfuryl methacrylate- trimethylolpropane trimethacrylate - aluminum salts)- Animal Oils/Musks/Fats- Benzophenone + Related Compounds- Butoxyethanol- Carbon Black- Lead/Lead Acetate- Methyl Cellosolve + Methoxyethanol- Methylchloroisothiazolinone & Methylisothiazolinone- Mercury + Mercury Compounds (Thimerisol)- Insoluble Plastic Microbeads (This prohibited ingredient applies to products that are meant to be rinsed off )- Resorcinol- Talc (Talc that is free of any asbestos can be used in the formulation provided that Brand conducts testing to ensure that talc is free of any asbestos.)- Toluene- Butylated hydroxyanisole (BHA)- Butylated hydroxytoluene (BHT) that is 0.1% or more of total formula- Ethanolamines DEA/TEA/MEA/ETA- Nanoparticles as defined by the European Commission- Petrolatum and Parrafin that is not USP grade- Phenoxyethanol that is 1% or more of total formulation- Polyacrylamide & Acrylamide- The following types of Styrene (Bromostyrene- Deastyrene/acrylates/dvbcopolymer- sodium styrene/divinylbenzene copolymer- styrene oxide- styrene)- 1-4 Dioxane in final formulas must comply with the thresholds as follows: (10 or < ppm for products that are meant to be rinsed off- wiped off or removed- 3ppm or < for products that are meant to remain on the skin).,sephora,False,,,https://www.sephora.com/product/lilah-b-aglow-priming-oil-P454770?icid2=products grid:p454770,,sephora/open-dataset
philosophy,anti-wrinkle miracle worker primer+ line-correcting primer,dewy,"[""oleoso"", ""misto"", ""seco"", ""normal""]",$35-$39,Cyclopentasiloxane- Dimethicone Crosspolymer- Cyclohexasiloxane- Caprylic/Capric Triglyceride- Ethylhexyl Palmitate- Phenoxyethanol- Isopropyl Palmitate- Tocopheryl Acetate- Tetrahexyldecyl Ascorbate- Lecithin- Silica Dimethyl Silylate- Tribehenin- Peg-6 Isostearate- Silica- Butylene Glycol- Aqua/Water/Eau- Polyhydroxystearic Acid- Alumina- Caprylyl Glycol- Sorbitan Isostearate- Swertia Chirata Extract- Sodium Hyaluronate- Hexylene Glycol- Hesperetin Laurate- Palmitoyl Tripeptide-1- Titanium Dioxide (Ci 77891).,sephora,,,,https://www.sephora.com/product/anti-wrinkle-miracle-worker-primer-line-correcting-primer-P440475?icid2=products grid:p440475,,sephora/open-dataset
tarte,Mini Timeless Smoothing Primer,matte,"[""normal"", ""misto""]",$15-$19,-Vitamin E: A natural preservative that also acts as an emollient and antioxidant.-Vitamin C: An antioxidant that fights free radical damage and premature signs of aging while brightening skin.-Green Bean Extract: Known to visibly reduce the appearance of fine lines- wrinkles- and pores. Cyclopentasiloxane- Dimethicone- Dimethicone/Vinyl Dimethicone Crosspolymer- Hydrogenated Vegetable Oil- Pentaerythrityl Tetraisostearate- Vinyl Dimethicone/Methicone Silsesquioxane Crosspolymer- Mica- Disteardimonium Hectorite- PEG-10 Dimethicone- PPG-25-Laureth-25- Silica Dimethyl Silylate- Silica- Water- Tocopheryl Acetate- Parfum/Fragrance- Trimethylsiloxysilicate- Diethylhexyl Syringylidenemalonate- Ascorbyl Palmitate- Propylene Glycol- Caprylic/Capric Triglyceride- Sodium Cocoyl Alaninate- Butylene Glycol- Glyceryl Stearate- Citric Acid- Hydrolyzed Collagen- Triethoxycaprylylsilane- Hydrolyzed Elastin- Cetyl Hydroxyethylcellulose- Rutin- Palmitoyl Tetrapeptide-7- Palmitoyl Tripeptide-1- Phaseolus Lunatus (Green Bean) Seed Extract- Phenoxyethanol- Limonene- Linalool- Citral- Hexyl Cinnamal- Hydroxycitronellal- Titanium Dioxide (CI 77891)- Carmine (CI 75470).,sephora,False,,,https://www.sephora.com/product/mini-timeless-smoothing-primer-P450537?icid2=products grid:p450537,,sephora/open-dataset
tarte,Poreless Mattifying Primer,matte,"[""oleoso"", ""misto"", ""seco""]",$30-$34,-Avocado: A natural oil rich in vitamins A- B1- B2- D- and E that’s known for its skin-soothing properties. -T5 Super Fruit Complex™: Proprietary blend of the five most active antioxidant-rich superfruits (maracuja- goji- açaí- acerola- and pomegranate) that delivers nourishing and replenishing benefits to skin. -Echinacea Root- Hibiscus Flower- and Rosemary Leaf Extracts: Rich in antioxidants to help neutralize free radicals; improves the look of skintone and elasticity; diffuses imperfections. -Safflower Seed: Emollient with beneficial fatty acids to help hydrate dry skin. Cyclopentasiloxane- Dimethicone Crosspolymer- Cyclohexasiloxane- Vitis Vinifera (Grape) Seed Oil- Carthamus Tinctorius (Safflower) Seed Oil- Tocopheryl Acetate- Mica- Persea Gratissima (Avocado) Oil- Euterpe Oleracea Fruit Extract- Lycium Barbarum Fruit Extract- Malpighia Punicifolia (Acerola) Fruit Extract- Passiflora Incarnata Fruit Extract- Punica Granatum Extract- Centella Asiatica Extract- Echinacea Angustifolia Extract- Hibiscus Rosa-Sinensis Flower Extract- Rosmarinus Officinalis (Rosemary) Leaf Extract- Phenoxyethanol.,sephora,,,True,https://www.sephora.com/product/clean-slate-poreless-12-hr-perfecting-primer-P310018?icid2=products grid:p310018,,sephora/open-dataset
tarte,SEA Quench Hydrating Primer,hydrating,"[""seco""]",$30-$34,-Algae and Marine Plant Extracts: Help reduce the appearance of fine lines and wrinkles while smoothing and softening skin.-Hyaluronic Acid: Delivers moisture- and supports natural firmness and suppleness.-Kefir Extract: Provides probiotic bacteria and amino acids; acts as an antioxidant to help brighten and moisturize skin.-Turmeric: Calms redness. Water- Dimethicone- Butylene Glycol- Glycerin- 1-2-Hexanediol- SD Alcohol 40-B (Alcohol Denat.)- Hydroxyethyl Acrylate/Sodium Acryloyldimethyl Taurate Copolymer- Alpha-Glucan Oligosaccharide- Polyglyceryl-10 Behenate/Eicosadioate- Caprylyl Glycol- Polymethyl Methacrylate- Acrylates/C10-30 Alkyl Acrylate Crosspolymer- Fragrance- PPG-5-Ceteth-20- Dimethicone/Vinyl Dimethicone Crosspolymer- Dimethicone/PEG-10/15 Crosspolymer- Disodium EDTA- Tocopheryl Acetate- Hexylene Glycol- Sodium Hydroxide- Polysorbate 60- Sorbitan Isostearate- Melia Azadirachta Leaf Extract- Melia Azadirachta Flower Extract- Amino Esters-1- Coccinia Indica Fruit Extract- Aloe Barbadensis Flower Extract- Solanum Melongena (Eggplant) Fruit Extract- Sodium Hyaluronate- Dipropylene Glycol- Algae Extract- Corallina Officinalis Extract- Curcuma Longa (Turmeric) Root Extract- Ocimum Basilicum (Basil) Flower/Leaf Extract- Ocimum Sanctum Leaf Extract- Kluyveromyces/Lactobacillus/Lactococcus/Leuconostoc/Saccharomyces Milk Ferment Filtrate- Sodium Citrate- Tocopherol- Phenoxyethanol- Potassium Sorbate.,sephora,False,,,https://www.sephora.com/product/sea-quench-hydrating-primer-P432866?icid2=products grid:p432866,,sephora/open-dataset
tarte,Timeless Smoothing Primer,matte,"[""oleoso"", ""misto"", ""seco"", ""normal""]",$35-$39,-Vitamin E: Acts as an anti-inflammatory emollient and antioxidant. -Vitamin C: Fights free radical damage and premature signs of aging while brightening skin. -Green Bean Extract: Known for its anti-wrinkle and pore minimizing properties.-Mineral Pigments: Soothe and soften the skin. Cyclopentasiloxane- Dimethicone- Dimethicone/Vinyl Dimethicone Crosspolymer- Hydrogenated Vegetable Oil- Pentaerythrityl Tetraisostearate- Vinyl Dimethicone/Methicone Silsesquioxane Crosspolymer- Mica- Disteardimonium Hectorite- PEG-10 Dimethicone- PPG-25-Laureth-25- Silica Dimethyl Silylate- Silica- Water- Tocopheryl Acetate- Fragrance- Trimethylsiloxysilicate- Diethylhexyl Syringylidenemalonate- Ascorbyl Palmitate- Propylene Glycol- Caprylic/Capric Triglyceride- Sodium Cocoyl Alaninate- Butylene Glycol- Glyceryl Stearate- Citric Acid- Hydrolyzed Collagen- Triethoxycaprylylsilane- Hydrolyzed Elastin- Cetyl Hydroxyethylcellulose- Rutin- Palmitoyl Tetrapeptide-7- Palmitoyl Tripeptide-1- Phaseolus Lunatus (Green Bean) Seed Extract- Phenoxyethanol- Limonene- Linalool- Citral- Hexyl Cinnamal- Hydroxycitronellal- Titanium Dioxide (CI 77891)- Carmine (CI 75470).,sephora,False,,,https://www.sephora.com/product/timeless-smoothing-primer-P387228?icid2=products grid:p387228,,sephora/open-dataset
